p_id,trial,stimulus,frame_no,time_in_s,boundary
P01,1,part2_01.avi,493,4.93,1
P01,1,part2_01.avi,1057,10.57,2
P01,1,part2_01.avi,1901,19.01,3
P01,1,part2_01.avi,2665,26.65,4
P01,1,part2_01.avi,4089,40.89,5
P01,1,part2_01.avi,5889,58.89,6
P01,1,part2_01.avi,6933,69.33,7
P01,1,part2_01.avi,9837,98.37,8
P01,1,part2_01.avi,10673,106.73,9
P01,1,part2_01.avi,11413,114.13,10
P01,1,part2_01.avi,11993,119.93,11
P01,1,part2_01.avi,12761,127.61,12
P01,1,part2_01.avi,15821,158.21,13
P01,1,part2_01.avi,17405,174.05,14
P01,1,part2_01.avi,18529,185.29,15
P01,1,part2_01.avi,19313,193.13,16
P01,1,part2_01.avi,20981,209.81,17
P01,1,part2_01.avi,21997,219.97,18
P01,1,part2_01.avi,22785,227.85,19
P01,1,part2_01.avi,23749,237.49,20
P01,1,part2_01.avi,24973,249.73,21
P01,1,part2_01.avi,25393,253.93,22
P01,1,part2_01.avi,25793,257.93,23
P01,1,part2_01.avi,26729,267.29,24
P01,1,part2_01.avi,27397,273.97,25
P01,1,part2_01.avi,28077,280.77,26
P01,1,part2_01.avi,29849,298.49,27
P01,1,part2_01.avi,32421,324.21,28
P01,1,part2_01.avi,32949,329.49,29
P01,2,part2_01.avi,1897,18.97,1
P01,2,part2_01.avi,3873,38.73,2
P01,2,part2_01.avi,6921,69.21,3
P01,2,part2_01.avi,9877,98.77,4
P01,2,part2_01.avi,12717,127.17,5
P01,2,part2_01.avi,18537,185.37,6
P01,2,part2_01.avi,22021,220.21,7
P01,2,part2_01.avi,24105,241.05,8
P01,2,part2_01.avi,24633,246.33,9
P01,2,part2_01.avi,27505,275.05,10
P01,2,part2_01.avi,28113,281.13,11
P01,2,part2_01.avi,30089,300.89,12
P01,2,part2_01.avi,32425,324.25,13
P01,2,part2_01.avi,32769,327.69,14
P01,3,part2_02.avi,369,3.69,1
P01,3,part2_02.avi,2621,26.21,2
P01,3,part2_02.avi,3737,37.37,3
P01,3,part2_02.avi,6717,67.17,4
P01,3,part2_02.avi,8617,86.17,5
P01,3,part2_02.avi,9345,93.45,6
P01,3,part2_02.avi,11025,110.25,7
P01,3,part2_02.avi,11545,115.45,8
P01,3,part2_02.avi,12521,125.21,9
P01,3,part2_02.avi,13085,130.85,10
P01,3,part2_02.avi,14941,149.41,11
P01,3,part2_02.avi,19689,196.89,12
P01,3,part2_02.avi,23265,232.65,13
P01,3,part2_02.avi,23689,236.89,14
P01,3,part2_02.avi,25169,251.69,15
P01,3,part2_02.avi,26693,266.93,16
P01,3,part2_02.avi,28845,288.45,17
P01,3,part2_02.avi,31397,313.97,18
P01,3,part2_02.avi,35145,351.45,19
P01,3,part2_02.avi,38901,389.01,20
P01,3,part2_02.avi,41729,417.29,21
P01,3,part2_02.avi,42573,425.73,22
P01,4,part2_02.avi,2613,26.13,1
P01,4,part2_02.avi,3765,37.65,2
P01,4,part2_02.avi,6705,67.05,3
P01,4,part2_02.avi,9461,94.61,4
P01,4,part2_02.avi,11641,116.41,5
P01,4,part2_02.avi,13077,130.77,6
P01,4,part2_02.avi,14961,149.61,7
P01,4,part2_02.avi,20049,200.49,7
P01,4,part2_02.avi,25213,252.13,8
P01,4,part2_02.avi,26749,267.49,9
P01,4,part2_02.avi,29153,291.53,10
P01,4,part2_02.avi,31409,314.09,11
P01,4,part2_02.avi,35273,352.73,12
P01,4,part2_02.avi,38965,389.65,13
P01,4,part2_02.avi,42181,421.81,14
P02,1,part2_01.avi,3293,32.93,1
P02,1,part2_01.avi,4077,40.77,2
P02,1,part2_01.avi,6105,61.05,3
P02,1,part2_01.avi,6969,69.69,4
P02,1,part2_01.avi,9877,98.77,5
P02,1,part2_01.avi,12769,127.69,6
P02,1,part2_01.avi,15865,158.65,7
P02,1,part2_01.avi,18521,185.21,8
P02,1,part2_01.avi,22133,221.33,9
P02,1,part2_01.avi,22997,229.97,10
P02,1,part2_01.avi,24193,241.93,11
P02,1,part2_01.avi,24669,246.69,12
P02,1,part2_01.avi,27617,276.17,13
P02,1,part2_01.avi,30005,300.05,14
P02,1,part2_01.avi,32949,329.49,15
P02,2,part2_01.avi,2961,29.61,1
P02,2,part2_01.avi,6993,69.93,2
P02,2,part2_01.avi,11389,113.89,3
P02,2,part2_01.avi,12737,127.37,4
P02,2,part2_01.avi,18565,185.65,5
P02,2,part2_01.avi,22365,223.65,6
P02,2,part2_01.avi,24773,247.73,7
P02,2,part2_01.avi,25913,259.13,8
P02,2,part2_01.avi,30089,300.89,9
P02,3,part2_02.avi,2805,28.05,1
P02,3,part2_02.avi,3845,38.45,2
P02,3,part2_02.avi,6853,68.53,3
P02,3,part2_02.avi,8633,86.33,4
P02,3,part2_02.avi,9469,94.69,5
P02,3,part2_02.avi,11381,113.81,6
P02,3,part2_02.avi,13097,130.97,7
P02,3,part2_02.avi,17565,175.65,8
P02,3,part2_02.avi,20217,202.17,9
P02,3,part2_02.avi,23493,234.93,10
P02,3,part2_02.avi,26709,267.09,11
P02,3,part2_02.avi,28489,284.89,12
P02,3,part2_02.avi,31509,315.09,13
P02,3,part2_02.avi,35281,352.81,14
P02,3,part2_02.avi,39069,390.69,15
P02,3,part2_02.avi,41633,416.33,16
P02,3,part2_02.avi,42573,425.73,17
P02,4,part2_02.avi,2749,27.49,1
P02,4,part2_02.avi,3985,39.85,2
P02,4,part2_02.avi,6981,69.81,3
P02,4,part2_02.avi,8753,87.53,4
P02,4,part2_02.avi,13081,130.81,5
P02,4,part2_02.avi,20173,201.73,6
P02,4,part2_02.avi,26793,267.93,7
P02,4,part2_02.avi,31473,314.73,8
P02,4,part2_02.avi,35381,353.81,9
P03,1,part2_01.avi,393,3.93,1
P03,1,part2_01.avi,825,8.25,2
P03,1,part2_01.avi,1141,11.41,3
P03,1,part2_01.avi,1845,18.45,4
P03,1,part2_01.avi,2509,25.09,5
P03,1,part2_01.avi,3401,34.01,6
P03,1,part2_01.avi,5145,51.45,7
P03,1,part2_01.avi,6669,66.69,8
P03,1,part2_01.avi,8569,85.69,9
P03,1,part2_01.avi,10305,103.05,10
P03,1,part2_01.avi,11361,113.61,11
P03,1,part2_01.avi,12653,126.53,12
P03,1,part2_01.avi,13189,131.89,13
P03,1,part2_01.avi,15661,156.61,14
P03,1,part2_01.avi,17429,174.29,15
P03,1,part2_01.avi,18745,187.45,16
P03,1,part2_01.avi,20973,209.73,17
P03,1,part2_01.avi,24033,240.33,18
P03,1,part2_01.avi,25689,256.89,19
P03,1,part2_01.avi,27401,274.01,20
P03,1,part2_01.avi,29805,298.05,21
P03,1,part2_01.avi,31829,318.29,22
P03,1,part2_01.avi,32477,324.77,23
P03,1,part2_01.avi,32949,329.49,24
P03,2,part2_01.avi,625,6.25,1
P03,2,part2_01.avi,2709,27.09,2
P03,2,part2_01.avi,6857,68.57,3
P03,2,part2_01.avi,9673,96.73,4
P03,2,part2_01.avi,12657,126.57,5
P03,2,part2_01.avi,20941,209.41,6
P03,2,part2_01.avi,24573,245.73,7
P03,2,part2_01.avi,29789,297.89,8
P03,2,part2_01.avi,32425,324.25,9
P03,3,part2_02.avi,3745,37.45,1
P03,3,part2_02.avi,8269,82.69,2
P03,3,part2_02.avi,8657,86.57,3
P03,3,part2_02.avi,11773,117.73,4
P03,3,part2_02.avi,15877,158.77,5
P03,3,part2_02.avi,19625,196.25,6
P03,3,part2_02.avi,23553,235.53,7
P03,3,part2_02.avi,29241,292.41,8
P03,3,part2_02.avi,31133,311.33,9
P03,3,part2_02.avi,42241,422.41,10
P03,3,part2_02.avi,42573,425.73,11
P03,4,part2_02.avi,2657,26.57,1
P03,4,part2_02.avi,9101,91.01,2
P03,4,part2_02.avi,12517,125.17,3
P03,4,part2_02.avi,13173,131.73,4
P03,4,part2_02.avi,19661,196.61,5
P03,4,part2_02.avi,23137,231.37,6
P03,4,part2_02.avi,25585,255.85,7
P03,4,part2_02.avi,31309,313.09,8
P03,4,part2_02.avi,42549,425.49,9
P04,1,part2_01.avi,3593,35.93,1
P04,1,part2_01.avi,4361,43.61,2
P04,1,part2_01.avi,7133,71.33,3
P04,1,part2_01.avi,9817,98.17,4
P04,1,part2_01.avi,10849,108.49,5
P04,1,part2_01.avi,11553,115.53,6
P04,1,part2_01.avi,12789,127.89,7
P04,1,part2_01.avi,14453,144.53,8
P04,1,part2_01.avi,18561,185.61,9
P04,1,part2_01.avi,22153,221.53,10
P04,1,part2_01.avi,24605,246.05,11
P04,1,part2_01.avi,29177,291.77,12
P04,1,part2_01.avi,30013,300.13,13
P04,1,part2_01.avi,32349,323.49,14
P04,1,part2_01.avi,32949,329.49,15
P04,2,part2_01.avi,3789,37.89,1
P04,2,part2_01.avi,8741,87.41,2
P04,2,part2_01.avi,12773,127.73,3
P04,2,part2_01.avi,24633,246.33,4
P04,2,part2_01.avi,30037,300.37,5
P04,2,part2_01.avi,32297,322.97,6
P04,2,part2_01.avi,32769,327.69,6
P04,3,part2_02.avi,2689,26.89,1
P04,3,part2_02.avi,6869,68.69,2
P04,3,part2_02.avi,8637,86.37,3
P04,3,part2_02.avi,13105,131.05,4
P04,3,part2_02.avi,18949,189.49,5
P04,3,part2_02.avi,20137,201.37,6
P04,3,part2_02.avi,23665,236.65,7
P04,3,part2_02.avi,24801,248.01,8
P04,3,part2_02.avi,26789,267.89,9
P04,3,part2_02.avi,31441,314.41,10
P04,3,part2_02.avi,34669,346.69,11
P04,3,part2_02.avi,38957,389.57,12
P04,3,part2_02.avi,42245,422.45,13
P04,3,part2_02.avi,42573,425.73,14
P04,4,part2_02.avi,3933,39.33,1
P04,4,part2_02.avi,8921,89.21,2
P04,4,part2_02.avi,9505,95.05,2
P04,4,part2_02.avi,14021,140.21,3
P04,4,part2_02.avi,20089,200.89,4
P04,4,part2_02.avi,23969,239.69,5
P04,4,part2_02.avi,29221,292.21,6
P04,4,part2_02.avi,31501,315.01,6
P04,4,part2_02.avi,38945,389.45,7
P04,4,part2_02.avi,42425,424.25,8
P05,1,part2_01.avi,629,6.29,1
P05,1,part2_01.avi,1205,12.05,2
P05,1,part2_01.avi,1841,18.41,3
P05,1,part2_01.avi,2661,26.61,4
P05,1,part2_01.avi,3269,32.69,5
P05,1,part2_01.avi,4637,46.37,6
P05,1,part2_01.avi,5769,57.69,7
P05,1,part2_01.avi,6297,62.97,8
P05,1,part2_01.avi,6717,67.17,9
P05,1,part2_01.avi,9161,91.61,10
P05,1,part2_01.avi,10621,106.21,11
P05,1,part2_01.avi,11341,113.41,12
P05,1,part2_01.avi,12445,124.45,13
P05,1,part2_01.avi,12733,127.33,14
P05,1,part2_01.avi,13121,131.21,15
P05,1,part2_01.avi,14321,143.21,16
P05,1,part2_01.avi,15649,156.49,17
P05,1,part2_01.avi,16805,168.05,18
P05,1,part2_01.avi,18545,185.45,19
P05,1,part2_01.avi,19201,192.01,20
P05,1,part2_01.avi,20409,204.09,21
P05,1,part2_01.avi,20945,209.45,22
P05,1,part2_01.avi,22801,228.01,23
P05,1,part2_01.avi,24013,240.13,24
P05,1,part2_01.avi,24613,246.13,25
P05,1,part2_01.avi,27377,273.77,26
P05,1,part2_01.avi,28193,281.93,27
P05,1,part2_01.avi,29825,298.25,28
P05,1,part2_01.avi,31829,318.29,29
P05,1,part2_01.avi,32057,320.57,30
P05,1,part2_01.avi,32949,329.49,31
P05,2,part2_01.avi,641,6.41,1
P05,2,part2_01.avi,2781,27.81,2
P05,2,part2_01.avi,3929,39.29,3
P05,2,part2_01.avi,6665,66.65,4
P05,2,part2_01.avi,12669,126.69,5
P05,2,part2_01.avi,15673,156.73,6
P05,2,part2_01.avi,18573,185.73,7
P05,2,part2_01.avi,20277,202.77,8
P05,2,part2_01.avi,22153,221.53,9
P05,2,part2_01.avi,24589,245.89,10
P05,2,part2_01.avi,26693,266.93,11
P05,2,part2_01.avi,28125,281.25,12
P05,2,part2_01.avi,29977,299.77,13
P05,2,part2_01.avi,31841,318.41,14
P05,2,part2_01.avi,32469,324.69,15
P05,2,part2_01.avi,32765,327.65,16
P05,3,part2_02.avi,749,7.49,1
P05,3,part2_02.avi,2625,26.25,2
P05,3,part2_02.avi,3725,37.25,3
P05,3,part2_02.avi,4853,48.53,4
P05,3,part2_02.avi,6725,67.25,5
P05,3,part2_02.avi,8589,85.89,6
P05,3,part2_02.avi,11005,110.05,7
P05,3,part2_02.avi,13069,130.69,8
P05,3,part2_02.avi,15025,150.25,9
P05,3,part2_02.avi,17449,174.49,10
P05,3,part2_02.avi,18725,187.25,11
P05,3,part2_02.avi,19765,197.65,12
P05,3,part2_02.avi,23025,230.25,13
P05,3,part2_02.avi,23905,239.05,14
P05,3,part2_02.avi,26721,267.21,15
P05,3,part2_02.avi,28473,284.73,16
P05,3,part2_02.avi,31289,312.89,17
P05,3,part2_02.avi,33265,332.65,18
P05,3,part2_02.avi,35297,352.97,19
P05,3,part2_02.avi,36257,362.57,20
P05,3,part2_02.avi,37889,378.89,21
P05,3,part2_02.avi,38957,389.57,22
P05,3,part2_02.avi,42573,425.73,23
P05,4,part2_02.avi,2621,26.21,1
P05,4,part2_02.avi,3737,37.37,2
P05,4,part2_02.avi,5985,59.85,2
P05,4,part2_02.avi,8617,86.17,3
P05,4,part2_02.avi,11865,118.65,4
P05,4,part2_02.avi,13109,131.09,5
P05,4,part2_02.avi,13877,138.77,5
P05,4,part2_02.avi,17405,174.05,6
P05,4,part2_02.avi,19801,198.01,7
P05,4,part2_02.avi,23281,232.81,8
P05,4,part2_02.avi,26685,266.85,9
P05,4,part2_02.avi,28477,284.77,10
P05,4,part2_02.avi,31281,312.81,11
P05,4,part2_02.avi,35301,353.01,12
P05,4,part2_02.avi,38853,388.53,13
P05,4,part2_02.avi,42237,422.37,14
P06,1,part2_01.avi,257,2.57,1
P06,1,part2_01.avi,613,6.13,2
P06,1,part2_01.avi,861,8.61,3
P06,1,part2_01.avi,1213,12.13,4
P06,1,part2_01.avi,1453,14.53,5
P06,1,part2_01.avi,2729,27.29,6
P06,1,part2_01.avi,3913,39.13,7
P06,1,part2_01.avi,5797,57.97,8
P06,1,part2_01.avi,6669,66.69,9
P06,1,part2_01.avi,7553,75.53,10
P06,1,part2_01.avi,7957,79.57,11
P06,1,part2_01.avi,8593,85.93,12
P06,1,part2_01.avi,9269,92.69,13
P06,1,part2_01.avi,9765,97.65,14
P06,1,part2_01.avi,10341,103.41,15
P06,1,part2_01.avi,10689,106.89,16
P06,1,part2_01.avi,11325,113.25,17
P06,1,part2_01.avi,12249,122.49,18
P06,1,part2_01.avi,12753,127.53,19
P06,1,part2_01.avi,13133,131.33,20
P06,1,part2_01.avi,13657,136.57,21
P06,1,part2_01.avi,15957,159.57,22
P06,1,part2_01.avi,18517,185.17,23
P06,1,part2_01.avi,19269,192.69,24
P06,1,part2_01.avi,20081,200.81,25
P06,1,part2_01.avi,22037,220.37,26
P06,1,part2_01.avi,24073,240.73,27
P06,1,part2_01.avi,24657,246.57,28
P06,1,part2_01.avi,26365,263.65,29
P06,1,part2_01.avi,28065,280.65,30
P06,1,part2_01.avi,29837,298.37,31
P06,1,part2_01.avi,31841,318.41,32
P06,1,part2_01.avi,32361,323.61,33
P06,1,part2_01.avi,32949,329.49,34
P06,2,part2_01.avi,313,3.13,1
P06,2,part2_01.avi,3745,37.45,1
P06,2,part2_01.avi,6693,66.93,2
P06,2,part2_01.avi,9197,91.97,3
P06,2,part2_01.avi,12661,126.61,4
P06,2,part2_01.avi,18521,185.21,5
P06,2,part2_01.avi,22793,227.93,6
P06,2,part2_01.avi,24625,246.25,7
P06,2,part2_01.avi,26349,263.49,8
P06,2,part2_01.avi,28065,280.65,8
P06,2,part2_01.avi,29921,299.21,9
P06,2,part2_01.avi,32329,323.29,10
P06,3,part2_02.avi,2713,27.13,1
P06,3,part2_02.avi,3813,38.13,2
P06,3,part2_02.avi,5981,59.81,3
P06,3,part2_02.avi,6449,64.49,4
P06,3,part2_02.avi,6777,67.77,5
P06,3,part2_02.avi,8609,86.09,6
P06,3,part2_02.avi,11181,111.81,7
P06,3,part2_02.avi,11849,118.49,8
P06,3,part2_02.avi,12617,126.17,9
P06,3,part2_02.avi,13085,130.85,10
P06,3,part2_02.avi,13869,138.69,11
P06,3,part2_02.avi,19757,197.57,12
P06,3,part2_02.avi,23085,230.85,13
P06,3,part2_02.avi,24909,249.09,14
P06,3,part2_02.avi,25633,256.33,15
P06,3,part2_02.avi,28525,285.25,16
P06,3,part2_02.avi,29253,292.53,17
P06,3,part2_02.avi,31373,313.73,18
P06,3,part2_02.avi,31801,318.01,19
P06,3,part2_02.avi,33405,334.05,20
P06,3,part2_02.avi,34393,343.93,21
P06,3,part2_02.avi,35277,352.77,22
P06,3,part2_02.avi,38833,388.33,23
P06,3,part2_02.avi,41541,415.41,24
P06,3,part2_02.avi,42205,422.05,25
P06,3,part2_02.avi,42573,425.73,26
P06,4,part2_02.avi,2645,26.45,1
P06,4,part2_02.avi,3845,38.45,2
P06,4,part2_02.avi,8613,86.13,3
P06,4,part2_02.avi,11793,117.93,4
P06,4,part2_02.avi,13109,131.09,5
P06,4,part2_02.avi,13869,138.69,6
P06,4,part2_02.avi,19845,198.45,7
P06,4,part2_02.avi,23601,236.01,8
P06,4,part2_02.avi,26689,266.89,9
P06,4,part2_02.avi,29153,291.53,10
P06,4,part2_02.avi,31333,313.33,10
P06,4,part2_02.avi,35293,352.93,11
P06,4,part2_02.avi,38633,386.33,12
P06,4,part2_02.avi,42209,422.09,12
P07,1,part2_01.avi,12853,128.53,1
P07,1,part2_01.avi,18665,186.65,2
P07,1,part2_01.avi,24945,249.45,3
P07,1,part2_01.avi,28405,284.05,4
P07,1,part2_01.avi,30265,302.65,5
P07,1,part2_01.avi,32353,323.53,6
P07,1,part2_01.avi,32949,329.49,7
P07,2,part2_01.avi,4077,40.77,1
P07,2,part2_01.avi,12781,127.81,2
P07,2,part2_01.avi,24693,246.93,3
P07,2,part2_01.avi,28221,282.21,4
P07,2,part2_01.avi,32317,323.17,5
P07,3,part2_02.avi,2749,27.49,1
P07,3,part2_02.avi,4121,41.21,2
P07,3,part2_02.avi,6865,68.65,3
P07,3,part2_02.avi,9021,90.21,4
P07,3,part2_02.avi,12829,128.29,5
P07,3,part2_02.avi,20101,201.01,6
P07,3,part2_02.avi,26833,268.33,7
P07,3,part2_02.avi,31405,314.05,8
P07,3,part2_02.avi,42573,425.73,9
P07,4,part2_02.avi,2685,26.85,1
P07,4,part2_02.avi,4073,40.73,2
P07,4,part2_02.avi,6933,69.33,3
P07,4,part2_02.avi,9297,92.97,4
P07,4,part2_02.avi,19781,197.81,5
P07,4,part2_02.avi,26817,268.17,6
P07,4,part2_02.avi,31385,313.85,7
P07,4,part2_02.avi,35393,353.93,8
P08,1,part2_01.avi,4009,40.09,1
P08,1,part2_01.avi,13061,130.61,2
P08,1,part2_01.avi,22449,224.49,3
P08,1,part2_01.avi,24801,248.01,4
P08,1,part2_01.avi,30017,300.17,5
P08,1,part2_01.avi,32949,329.49,6
P08,2,part2_01.avi,3489,34.89,1
P08,2,part2_01.avi,7001,70.01,2
P08,2,part2_01.avi,12845,128.45,2
P08,2,part2_01.avi,18605,186.05,3
P08,2,part2_01.avi,22181,221.81,4
P08,2,part2_01.avi,24137,241.37,5
P08,2,part2_01.avi,24617,246.17,5
P08,2,part2_01.avi,29881,298.81,6
P08,3,part2_02.avi,2677,26.77,1
P08,3,part2_02.avi,4109,41.09,2
P08,3,part2_02.avi,6881,68.81,3
P08,3,part2_02.avi,8673,86.73,4
P08,3,part2_02.avi,13153,131.53,5
P08,3,part2_02.avi,20097,200.97,6
P08,3,part2_02.avi,23617,236.17,7
P08,3,part2_02.avi,26733,267.33,8
P08,3,part2_02.avi,29181,291.81,9
P08,3,part2_02.avi,31529,315.29,10
P08,3,part2_02.avi,42225,422.25,11
P08,3,part2_02.avi,42573,425.73,12
P08,4,part2_02.avi,2709,27.09,1
P08,4,part2_02.avi,4125,41.25,2
P08,4,part2_02.avi,8705,87.05,3
P08,4,part2_02.avi,13201,132.01,4
P08,4,part2_02.avi,20049,200.49,5
P08,4,part2_02.avi,31389,313.89,6
P08,4,part2_02.avi,35401,354.01,7
P08,4,part2_02.avi,38969,389.69,8
P08,4,part2_02.avi,42209,422.09,8
P09,1,part2_01.avi,601,6.01,1
P09,1,part2_01.avi,1185,11.85,2
P09,1,part2_01.avi,1805,18.05,3
P09,1,part2_01.avi,2813,28.13,4
P09,1,part2_01.avi,3761,37.61,5
P09,1,part2_01.avi,4341,43.41,6
P09,1,part2_01.avi,5025,50.25,7
P09,1,part2_01.avi,5797,57.97,8
P09,1,part2_01.avi,6717,67.17,9
P09,1,part2_01.avi,6913,69.13,10
P09,1,part2_01.avi,7513,75.13,11
P09,1,part2_01.avi,8873,88.73,12
P09,1,part2_01.avi,10413,104.13,13
P09,1,part2_01.avi,11373,113.73,14
P09,1,part2_01.avi,12245,122.45,15
P09,1,part2_01.avi,12649,126.49,16
P09,1,part2_01.avi,14481,144.81,17
P09,1,part2_01.avi,16213,162.13,18
P09,1,part2_01.avi,18509,185.09,19
P09,1,part2_01.avi,19261,192.61,20
P09,1,part2_01.avi,20077,200.77,21
P09,1,part2_01.avi,20949,209.49,22
P09,1,part2_01.avi,22049,220.49,23
P09,1,part2_01.avi,24121,241.21,24
P09,1,part2_01.avi,24629,246.29,25
P09,1,part2_01.avi,25705,257.05,26
P09,1,part2_01.avi,26721,267.21,27
P09,1,part2_01.avi,28105,281.05,28
P09,1,part2_01.avi,29821,298.21,29
P09,1,part2_01.avi,32029,320.29,30
P09,1,part2_01.avi,32949,329.49,31
P09,2,part2_01.avi,589,5.89,1
P09,2,part2_01.avi,1213,12.13,2
P09,2,part2_01.avi,3861,38.61,3
P09,2,part2_01.avi,6937,69.37,4
P09,2,part2_01.avi,10633,106.33,5
P09,2,part2_01.avi,12685,126.85,6
P09,2,part2_01.avi,15893,158.93,7
P09,2,part2_01.avi,18505,185.05,8
P09,2,part2_01.avi,19361,193.61,9
P09,2,part2_01.avi,20093,200.93,9
P09,2,part2_01.avi,20217,202.17,9
P09,2,part2_01.avi,24081,240.81,10
P09,2,part2_01.avi,24717,247.17,11
P09,2,part2_01.avi,26709,267.09,12
P09,2,part2_01.avi,28261,282.61,12
P09,2,part2_01.avi,32037,320.37,13
P09,3,part2_02.avi,2665,26.65,1
P09,3,part2_02.avi,3889,38.89,2
P09,3,part2_02.avi,6525,65.25,3
P09,3,part2_02.avi,8617,86.17,4
P09,3,part2_02.avi,9329,93.29,5
P09,3,part2_02.avi,11033,110.33,6
P09,3,part2_02.avi,11769,117.69,7
P09,3,part2_02.avi,13085,130.85,8
P09,3,part2_02.avi,13853,138.53,9
P09,3,part2_02.avi,17565,175.65,10
P09,3,part2_02.avi,18945,189.45,11
P09,3,part2_02.avi,19721,197.21,12
P09,3,part2_02.avi,20805,208.05,13
P09,3,part2_02.avi,22565,225.65,14
P09,3,part2_02.avi,25185,251.85,15
P09,3,part2_02.avi,26737,267.37,16
P09,3,part2_02.avi,29173,291.73,17
P09,3,part2_02.avi,31345,313.45,18
P09,3,part2_02.avi,34377,343.77,19
P09,3,part2_02.avi,35309,353.09,20
P09,3,part2_02.avi,38853,388.53,21
P09,3,part2_02.avi,42181,421.81,22
P09,3,part2_02.avi,42573,425.73,23
P09,4,part2_02.avi,2629,26.29,1
P09,4,part2_02.avi,6469,64.69,2
P09,4,part2_02.avi,7005,70.05,2
P09,4,part2_02.avi,8617,86.17,3
P09,4,part2_02.avi,9341,93.41,4
P09,4,part2_02.avi,11745,117.45,5
P09,4,part2_02.avi,13093,130.93,6
P09,4,part2_02.avi,15073,150.73,7
P09,4,part2_02.avi,18649,186.49,7
P09,4,part2_02.avi,20689,206.89,8
P09,4,part2_02.avi,22321,223.21,9
P09,4,part2_02.avi,26693,266.93,10
P09,4,part2_02.avi,29165,291.65,11
P09,4,part2_02.avi,31337,313.37,11
P09,4,part2_02.avi,35277,352.77,12
P09,4,part2_02.avi,38929,389.29,13
P09,4,part2_02.avi,41981,419.81,14
P10,1,part2_01.avi,4049,40.49,1
P10,1,part2_01.avi,5869,58.69,2
P10,1,part2_01.avi,6985,69.85,3
P10,1,part2_01.avi,10065,100.65,4
P10,1,part2_01.avi,10729,107.29,5
P10,1,part2_01.avi,12769,127.69,6
P10,1,part2_01.avi,16213,162.13,7
P10,1,part2_01.avi,17361,173.61,8
P10,1,part2_01.avi,17881,178.81,9
P10,1,part2_01.avi,18553,185.53,10
P10,1,part2_01.avi,19421,194.21,11
P10,1,part2_01.avi,21005,210.05,12
P10,1,part2_01.avi,23025,230.25,13
P10,1,part2_01.avi,24317,243.17,14
P10,1,part2_01.avi,26745,267.45,15
P10,1,part2_01.avi,27545,275.45,16
P10,1,part2_01.avi,29861,298.61,17
P10,1,part2_01.avi,31425,314.25,18
P10,1,part2_01.avi,32949,329.49,19
P10,2,part2_01.avi,3897,38.97,1
P10,2,part2_01.avi,6717,67.17,2
P10,2,part2_01.avi,10361,103.61,3
P10,2,part2_01.avi,12005,120.05,4
P10,2,part2_01.avi,12757,127.57,5
P10,2,part2_01.avi,16181,161.81,6
P10,2,part2_01.avi,18525,185.25,7
P10,2,part2_01.avi,20457,204.57,8
P10,2,part2_01.avi,23429,234.29,9
P10,2,part2_01.avi,26705,267.05,10
P10,2,part2_01.avi,27413,274.13,11
P10,2,part2_01.avi,29821,298.21,12
P10,2,part2_01.avi,32385,323.85,13
P10,2,part2_01.avi,32917,329.17,14
P10,3,part2_02.avi,2689,26.89,1
P10,3,part2_02.avi,3789,37.89,2
P10,3,part2_02.avi,6457,64.57,3
P10,3,part2_02.avi,8685,86.85,4
P10,3,part2_02.avi,11065,110.65,5
P10,3,part2_02.avi,13153,131.53,6
P10,3,part2_02.avi,14149,141.49,7
P10,3,part2_02.avi,18453,184.53,8
P10,3,part2_02.avi,20097,200.97,9
P10,3,part2_02.avi,23149,231.49,10
P10,3,part2_02.avi,26697,266.97,11
P10,3,part2_02.avi,28833,288.33,12
P10,3,part2_02.avi,31353,313.53,13
P10,3,part2_02.avi,33309,333.09,14
P10,3,part2_02.avi,35349,353.49,15
P10,3,part2_02.avi,38793,387.93,16
P10,3,part2_02.avi,42225,422.25,17
P10,3,part2_02.avi,42573,425.73,18
P10,4,part2_02.avi,2685,26.85,1
P10,4,part2_02.avi,3949,39.49,2
P10,4,part2_02.avi,6745,67.45,3
P10,4,part2_02.avi,8617,86.17,4
P10,4,part2_02.avi,11797,117.97,5
P10,4,part2_02.avi,18341,183.41,6
P10,4,part2_02.avi,20505,205.05,7
P10,4,part2_02.avi,23537,235.37,8
P10,4,part2_02.avi,28341,283.41,9
P10,4,part2_02.avi,29313,293.13,10
P10,4,part2_02.avi,31297,312.97,11
P10,4,part2_02.avi,35277,352.77,12
P10,4,part2_02.avi,38765,387.65,13
P10,4,part2_02.avi,42173,421.73,14
P11,1,part2_01.avi,2065,20.65,1
P11,1,part2_01.avi,3897,38.97,2
P11,1,part2_01.avi,6717,67.17,3
P11,1,part2_01.avi,9641,96.41,4
P11,1,part2_01.avi,11441,114.41,5
P11,1,part2_01.avi,12793,127.93,6
P11,1,part2_01.avi,18537,185.37,7
P11,1,part2_01.avi,21097,210.97,8
P11,1,part2_01.avi,24361,243.61,9
P11,1,part2_01.avi,27633,276.33,10
P11,1,part2_01.avi,29289,292.89,11
P11,1,part2_01.avi,32949,329.49,12
P11,2,part2_01.avi,3869,38.69,1
P11,2,part2_01.avi,11601,116.01,2
P11,2,part2_01.avi,13041,130.41,3
P11,2,part2_01.avi,18557,185.57,4
P11,2,part2_01.avi,24697,246.97,5
P11,2,part2_01.avi,28225,282.25,6
P11,2,part2_01.avi,32481,324.81,7
P11,3,part2_02.avi,4157,41.57,1
P11,3,part2_02.avi,8713,87.13,2
P11,3,part2_02.avi,13793,137.93,3
P11,3,part2_02.avi,20525,205.25,4
P11,3,part2_02.avi,23933,239.33,5
P11,3,part2_02.avi,29685,296.85,6
P11,3,part2_02.avi,31537,315.37,7
P11,3,part2_02.avi,42485,424.85,8
P11,3,part2_02.avi,42573,425.73,9
P11,4,part2_02.avi,3945,39.45,1
P11,4,part2_02.avi,10845,108.45,2
P11,4,part2_02.avi,13953,139.53,3
P11,4,part2_02.avi,20097,200.97,4
P11,4,part2_02.avi,26873,268.73,5
P11,4,part2_02.avi,31317,313.17,6
P11,4,part2_02.avi,42533,425.33,7
P12,1,part2_01.avi,4521,45.21,1
P12,1,part2_01.avi,32645,326.45,2
P12,1,part2_01.avi,32949,329.49,3
P12,2,part2_01.avi,4425,44.25,1
P12,2,part2_01.avi,12969,129.69,2
P12,3,part2_02.avi,4201,42.01,1
P12,3,part2_02.avi,9153,91.53,2
P12,3,part2_02.avi,20445,204.45,3
P12,3,part2_02.avi,31609,316.09,4
P12,3,part2_02.avi,35461,354.61,5
P12,3,part2_02.avi,42573,425.73,6
P12,4,part2_02.avi,2753,27.53,1
P12,4,part2_02.avi,8897,88.97,2
P12,4,part2_02.avi,19825,198.25,3
P12,4,part2_02.avi,31345,313.45,4
P13,1,part2_01.avi,2837,28.37,1
P13,1,part2_01.avi,12781,127.81,2
P13,1,part2_01.avi,23729,237.29,3
P13,1,part2_01.avi,24973,249.73,4
P13,1,part2_01.avi,32365,323.65,5
P13,1,part2_01.avi,32949,329.49,6
P13,2,part2_01.avi,3757,37.57,1
P13,2,part2_01.avi,12749,127.49,2
P13,2,part2_01.avi,24697,246.97,3
P13,2,part2_01.avi,32433,324.33,4
P13,3,part2_02.avi,2845,28.45,1
P13,3,part2_02.avi,3929,39.29,2
P13,3,part2_02.avi,8725,87.25,3
P13,3,part2_02.avi,20453,204.53,4
P13,3,part2_02.avi,29169,291.69,5
P13,3,part2_02.avi,31349,313.49,6
P13,3,part2_02.avi,42573,425.73,7
P13,4,part2_02.avi,3789,37.89,1
P13,4,part2_02.avi,8885,88.85,2
P13,4,part2_02.avi,20121,201.21,3
P13,4,part2_02.avi,27109,271.09,4
P13,4,part2_02.avi,29365,293.65,5
P13,4,part2_02.avi,31337,313.37,6
P14,1,part2_01.avi,3877,38.77,1
P14,1,part2_01.avi,12757,127.57,2
P14,1,part2_01.avi,32361,323.61,3
P14,1,part2_01.avi,32949,329.49,4
P14,2,part2_01.avi,4133,41.33,1
P14,2,part2_01.avi,12749,127.49,2
P14,2,part2_01.avi,19213,192.13,3
P14,2,part2_01.avi,28353,283.53,4
P14,2,part2_01.avi,32365,323.65,5
P14,3,part2_02.avi,4345,43.45,1
P14,3,part2_02.avi,8685,86.85,2
P14,3,part2_02.avi,14197,141.97,3
P14,3,part2_02.avi,20177,201.77,4
P14,3,part2_02.avi,25297,252.97,5
P14,3,part2_02.avi,31477,314.77,6
P14,3,part2_02.avi,42573,425.73,7
P14,4,part2_02.avi,2701,27.01,1
P14,4,part2_02.avi,8773,87.73,2
P14,4,part2_02.avi,20173,201.73,3
P14,4,part2_02.avi,25277,252.77,4
P14,4,part2_02.avi,31485,314.85,5
P15,1,part2_01.avi,2001,20.01,1
P15,1,part2_01.avi,2777,27.77,2
P15,1,part2_01.avi,3865,38.65,3
P15,1,part2_01.avi,5901,59.01,4
P15,1,part2_01.avi,7909,79.09,5
P15,1,part2_01.avi,8725,87.25,6
P15,1,part2_01.avi,10689,106.89,7
P15,1,part2_01.avi,12909,129.09,8
P15,1,part2_01.avi,14285,142.85,9
P15,1,part2_01.avi,17581,175.81,10
P15,1,part2_01.avi,18605,186.05,11
P15,1,part2_01.avi,22629,226.29,12
P15,1,part2_01.avi,24245,242.45,13
P15,1,part2_01.avi,26041,260.41,14
P15,1,part2_01.avi,27641,276.41,15
P15,1,part2_01.avi,29153,291.53,16
P15,1,part2_01.avi,30401,304.01,17
P15,1,part2_01.avi,32061,320.61,18
P15,1,part2_01.avi,32369,323.69,19
P15,1,part2_01.avi,32949,329.49,20
P15,2,part2_01.avi,157,1.57,1
P15,2,part2_01.avi,2089,20.89,1
P15,2,part2_01.avi,3965,39.65,2
P15,2,part2_01.avi,6969,69.69,3
P15,2,part2_01.avi,9697,96.97,4
P15,2,part2_01.avi,11905,119.05,5
P15,2,part2_01.avi,12737,127.37,5
P15,2,part2_01.avi,18233,182.33,6
P15,2,part2_01.avi,22269,222.69,7
P15,2,part2_01.avi,24793,247.93,8
P15,2,part2_01.avi,28205,282.05,9
P15,2,part2_01.avi,30057,300.57,10
P15,2,part2_01.avi,32561,325.61,11
P15,3,part2_02.avi,2609,26.09,1
P15,3,part2_02.avi,6577,65.77,2
P15,3,part2_02.avi,8885,88.85,3
P15,3,part2_02.avi,11909,119.09,4
P15,3,part2_02.avi,13097,130.97,5
P15,3,part2_02.avi,15073,150.73,6
P15,3,part2_02.avi,19897,198.97,7
P15,3,part2_02.avi,23165,231.65,8
P15,3,part2_02.avi,25445,254.45,9
P15,3,part2_02.avi,26849,268.49,10
P15,3,part2_02.avi,28605,286.05,11
P15,3,part2_02.avi,31553,315.53,12
P15,3,part2_02.avi,34269,342.69,13
P15,3,part2_02.avi,35429,354.29,14
P15,3,part2_02.avi,39005,390.05,15
P15,3,part2_02.avi,42573,425.73,16
P15,4,part2_02.avi,1241,12.41,1
P15,4,part2_02.avi,2637,26.37,2
P15,4,part2_02.avi,4237,42.37,3
P15,4,part2_02.avi,6945,69.45,4
P15,4,part2_02.avi,11789,117.89,5
P15,4,part2_02.avi,13165,131.65,6
P15,4,part2_02.avi,15329,153.29,7
P15,4,part2_02.avi,19637,196.37,7
P15,4,part2_02.avi,23169,231.69,8
P15,4,part2_02.avi,29185,291.85,9
P15,4,part2_02.avi,31545,315.45,10
P15,4,part2_02.avi,35397,353.97,11
P16,1,part2_01.avi,297,2.97,1
P16,1,part2_01.avi,601,6.01,2
P16,1,part2_01.avi,1173,11.73,3
P16,1,part2_01.avi,1449,14.49,4
P16,1,part2_01.avi,1877,18.77,5
P16,1,part2_01.avi,2609,26.09,6
P16,1,part2_01.avi,3333,33.33,7
P16,1,part2_01.avi,6925,69.25,8
P16,1,part2_01.avi,12681,126.81,9
P16,1,part2_01.avi,18525,185.25,10
P16,1,part2_01.avi,19337,193.37,11
P16,1,part2_01.avi,20245,202.45,12
P16,1,part2_01.avi,24549,245.49,13
P16,1,part2_01.avi,26377,263.77,14
P16,1,part2_01.avi,28129,281.29,15
P16,1,part2_01.avi,29853,298.53,16
P16,1,part2_01.avi,31857,318.57,17
P16,1,part2_01.avi,32081,320.81,18
P16,1,part2_01.avi,32357,323.57,19
P16,1,part2_01.avi,32949,329.49,20
P16,2,part2_01.avi,625,6.25,1
P16,2,part2_01.avi,2061,20.61,2
P16,2,part2_01.avi,3373,33.73,3
P16,2,part2_01.avi,6917,69.17,4
P16,2,part2_01.avi,8557,85.57,5
P16,2,part2_01.avi,12665,126.65,5
P16,2,part2_01.avi,18561,185.61,6
P16,2,part2_01.avi,19253,192.53,7
P16,2,part2_01.avi,20245,202.45,8
P16,2,part2_01.avi,24557,245.57,9
P16,2,part2_01.avi,28065,280.65,10
P16,2,part2_01.avi,32373,323.73,10
P16,3,part2_02.avi,2637,26.37,1
P16,3,part2_02.avi,3757,37.57,2
P16,3,part2_02.avi,6781,67.81,3
P16,3,part2_02.avi,8621,86.21,4
P16,3,part2_02.avi,13849,138.49,5
P16,3,part2_02.avi,18589,185.89,6
P16,3,part2_02.avi,20749,207.49,7
P16,3,part2_02.avi,23537,235.37,8
P16,3,part2_02.avi,26713,267.13,9
P16,3,part2_02.avi,31337,313.37,10
P16,3,part2_02.avi,38917,389.17,11
P16,3,part2_02.avi,42573,425.73,12
P16,4,part2_02.avi,2633,26.33,1
P16,4,part2_02.avi,3833,38.33,2
P16,4,part2_02.avi,9321,93.21,3
P16,4,part2_02.avi,11777,117.77,4
P16,4,part2_02.avi,19757,197.57,5
P16,4,part2_02.avi,26697,266.97,6
P16,4,part2_02.avi,31345,313.45,7
P16,4,part2_02.avi,42225,422.25,8
P17,1,part2_01.avi,2753,27.53,1
P17,1,part2_01.avi,4249,42.49,2
P17,1,part2_01.avi,10193,101.93,3
P17,1,part2_01.avi,13129,131.29,4
P17,1,part2_01.avi,16933,169.33,5
P17,1,part2_01.avi,22849,228.49,6
P17,1,part2_01.avi,26197,261.97,7
P17,1,part2_01.avi,28141,281.41,8
P17,1,part2_01.avi,30489,304.89,9
P17,1,part2_01.avi,32949,329.49,10
P17,2,part2_01.avi,2861,28.61,1
P17,2,part2_01.avi,7217,72.17,2
P17,2,part2_01.avi,10929,109.29,3
P17,2,part2_01.avi,13041,130.41,4
P17,2,part2_01.avi,18513,185.13,5
P17,2,part2_01.avi,22417,224.17,6
P17,2,part2_01.avi,28177,281.77,7
P17,2,part2_01.avi,30089,300.89,8
P17,3,part2_02.avi,2693,26.93,1
P17,3,part2_02.avi,5653,56.53,2
P17,3,part2_02.avi,6825,68.25,3
P17,3,part2_02.avi,8805,88.05,4
P17,3,part2_02.avi,11857,118.57,5
P17,3,part2_02.avi,15101,151.01,6
P17,3,part2_02.avi,19873,198.73,7
P17,3,part2_02.avi,25661,256.61,8
P17,3,part2_02.avi,29385,293.85,9
P17,3,part2_02.avi,31533,315.33,10
P17,3,part2_02.avi,38513,385.13,11
P17,3,part2_02.avi,42573,425.73,12
P17,4,part2_02.avi,2685,26.85,1
P17,4,part2_02.avi,6981,69.81,2
P17,4,part2_02.avi,9157,91.57,3
P17,4,part2_02.avi,12793,127.93,4
P17,4,part2_02.avi,20485,204.85,5
P17,4,part2_02.avi,26821,268.21,6
P17,4,part2_02.avi,31709,317.09,7
P17,4,part2_02.avi,38825,388.25,8
P18,1,part2_01.avi,4097,40.97,1
P18,1,part2_01.avi,9313,93.13,2
P18,1,part2_01.avi,12769,127.69,3
P18,1,part2_01.avi,18209,182.09,4
P18,1,part2_01.avi,22457,224.57,5
P18,1,part2_01.avi,24893,248.93,6
P18,1,part2_01.avi,30497,304.97,7
P18,1,part2_01.avi,32333,323.33,8
P18,1,part2_01.avi,32949,329.49,9
P18,2,part2_01.avi,3917,39.17,1
P18,2,part2_01.avi,12697,126.97,2
P18,2,part2_01.avi,18537,185.37,3
P18,2,part2_01.avi,24701,247.01,4
P18,2,part2_01.avi,32321,323.21,5
P18,3,part2_02.avi,2793,27.93,1
P18,3,part2_02.avi,7105,71.05,2
P18,3,part2_02.avi,9385,93.85,3
P18,3,part2_02.avi,13149,131.49,4
P18,3,part2_02.avi,20409,204.09,5
P18,3,part2_02.avi,25317,253.17,6
P18,3,part2_02.avi,25945,259.45,7
P18,3,part2_02.avi,31385,313.85,8
P18,3,part2_02.avi,35333,353.33,9
P18,3,part2_02.avi,39057,390.57,10
P18,3,part2_02.avi,42245,422.45,11
P18,3,part2_02.avi,42573,425.73,12
P18,4,part2_02.avi,2737,27.37,1
P18,4,part2_02.avi,7041,70.41,2
P18,4,part2_02.avi,8853,88.53,3
P18,4,part2_02.avi,13185,131.85,4
P18,4,part2_02.avi,20153,201.53,5
P18,4,part2_02.avi,25357,253.57,6
P18,4,part2_02.avi,31269,312.69,7
P18,4,part2_02.avi,42497,424.97,8
P19,1,part2_01.avi,3413,34.13,1
P19,1,part2_01.avi,4185,41.85,2
P19,1,part2_01.avi,6925,69.25,3
P19,1,part2_01.avi,12769,127.69,4
P19,1,part2_01.avi,25905,259.05,5
P19,1,part2_01.avi,30029,300.29,6
P19,1,part2_01.avi,31881,318.81,7
P19,1,part2_01.avi,32949,329.49,8
P19,2,part2_01.avi,4341,43.41,1
P19,2,part2_01.avi,12705,127.05,2
P19,2,part2_01.avi,13417,134.17,3
P19,2,part2_01.avi,22893,228.93,4
P19,2,part2_01.avi,23941,239.41,5
P19,2,part2_01.avi,30141,301.41,6
P19,2,part2_01.avi,32297,322.97,7
P19,3,part2_02.avi,8829,88.29,1
P19,3,part2_02.avi,20037,200.37,2
P19,3,part2_02.avi,21189,211.89,3
P19,3,part2_02.avi,23641,236.41,4
P19,3,part2_02.avi,25689,256.89,5
P19,3,part2_02.avi,31337,313.37,6
P19,3,part2_02.avi,42353,423.53,7
P19,3,part2_02.avi,42573,425.73,8
P19,4,part2_02.avi,2993,29.93,1
P19,4,part2_02.avi,4129,41.29,2
P19,4,part2_02.avi,11273,112.73,3
P19,4,part2_02.avi,19865,198.65,4
P19,4,part2_02.avi,20733,207.33,5
P19,4,part2_02.avi,23761,237.61,6
P19,4,part2_02.avi,27489,274.89,7
P19,4,part2_02.avi,31801,318.01,8
P19,4,part2_02.avi,42349,423.49,9
P20,1,part2_01.avi,641,6.41,1
P20,1,part2_01.avi,949,9.49,2
P20,1,part2_01.avi,1525,15.25,3
P20,1,part2_01.avi,2145,21.45,4
P20,1,part2_01.avi,2289,22.89,5
P20,1,part2_01.avi,2701,27.01,6
P20,1,part2_01.avi,3897,38.97,7
P20,1,part2_01.avi,4185,41.85,8
P20,1,part2_01.avi,4317,43.17,9
P20,1,part2_01.avi,5797,57.97,10
P20,1,part2_01.avi,6001,60.01,11
P20,1,part2_01.avi,6665,66.65,12
P20,1,part2_01.avi,6957,69.57,13
P20,1,part2_01.avi,8549,85.49,14
P20,1,part2_01.avi,10069,100.69,15
P20,1,part2_01.avi,10481,104.81,16
P20,1,part2_01.avi,10673,106.73,17
P20,1,part2_01.avi,11349,113.49,18
P20,1,part2_01.avi,11753,117.53,19
P20,1,part2_01.avi,12753,127.53,20
P20,1,part2_01.avi,13161,131.61,21
P20,1,part2_01.avi,14333,143.33,22
P20,1,part2_01.avi,15869,158.69,23
P20,1,part2_01.avi,16213,162.13,24
P20,1,part2_01.avi,17945,179.45,25
P20,1,part2_01.avi,18529,185.29,26
P20,1,part2_01.avi,19637,196.37,27
P20,1,part2_01.avi,20189,201.89,28
P20,1,part2_01.avi,20965,209.65,29
P20,1,part2_01.avi,22133,221.33,30
P20,1,part2_01.avi,23761,237.61,31
P20,1,part2_01.avi,24081,240.81,32
P20,1,part2_01.avi,24609,246.09,33
P20,1,part2_01.avi,25781,257.81,34
P20,1,part2_01.avi,26473,264.73,35
P20,1,part2_01.avi,27385,273.85,36
P20,1,part2_01.avi,28105,281.05,37
P20,1,part2_01.avi,29417,294.17,38
P20,1,part2_01.avi,29897,298.97,39
P20,1,part2_01.avi,32369,323.69,40
P20,1,part2_01.avi,32949,329.49,41
P20,2,part2_01.avi,645,6.45,1
P20,2,part2_01.avi,1217,12.17,2
P20,2,part2_01.avi,2693,26.93,3
P20,2,part2_01.avi,3857,38.57,4
P20,2,part2_01.avi,6657,66.57,5
P20,2,part2_01.avi,9193,91.93,6
P20,2,part2_01.avi,10353,103.53,7
P20,2,part2_01.avi,11869,118.69,8
P20,2,part2_01.avi,12649,126.49,9
P20,2,part2_01.avi,16237,162.37,10
P20,2,part2_01.avi,17885,178.85,11
P20,2,part2_01.avi,18553,185.53,12
P20,2,part2_01.avi,19401,194.01,13
P20,2,part2_01.avi,20257,202.57,14
P20,2,part2_01.avi,24629,246.29,15
P20,2,part2_01.avi,26373,263.73,16
P20,2,part2_01.avi,28129,281.29,17
P20,2,part2_01.avi,29969,299.69,18
P20,2,part2_01.avi,32333,323.33,19
P20,3,part2_02.avi,2649,26.49,1
P20,3,part2_02.avi,3797,37.97,2
P20,3,part2_02.avi,6505,65.05,3
P20,3,part2_02.avi,6749,67.49,4
P20,3,part2_02.avi,8601,86.01,5
P20,3,part2_02.avi,9361,93.61,6
P20,3,part2_02.avi,11065,110.65,7
P20,3,part2_02.avi,11769,117.69,8
P20,3,part2_02.avi,13073,130.73,9
P20,3,part2_02.avi,13845,138.45,10
P20,3,part2_02.avi,15881,158.81,11
P20,3,part2_02.avi,17453,174.53,12
P20,3,part2_02.avi,18645,186.45,13
P20,3,part2_02.avi,20117,201.17,14
P20,3,part2_02.avi,20721,207.21,15
P20,3,part2_02.avi,23033,230.33,16
P20,3,part2_02.avi,23537,235.37,17
P20,3,part2_02.avi,23917,239.17,18
P20,3,part2_02.avi,24309,243.09,19
P20,3,part2_02.avi,25629,256.29,20
P20,3,part2_02.avi,26825,268.25,21
P20,3,part2_02.avi,28601,286.01,22
P20,3,part2_02.avi,29197,291.97,23
P20,3,part2_02.avi,29761,297.61,24
P20,3,part2_02.avi,31153,311.53,25
P20,3,part2_02.avi,31773,317.73,26
P20,3,part2_02.avi,32113,321.13,27
P20,3,part2_02.avi,32461,324.61,28
P20,3,part2_02.avi,32689,326.89,29
P20,3,part2_02.avi,32989,329.89,30
P20,3,part2_02.avi,33449,334.49,31
P20,3,part2_02.avi,33673,336.73,32
P20,3,part2_02.avi,33949,339.49,33
P20,3,part2_02.avi,34373,343.73,34
P20,3,part2_02.avi,35297,352.97,35
P20,3,part2_02.avi,35681,356.81,36
P20,3,part2_02.avi,35989,359.89,37
P20,3,part2_02.avi,36245,362.45,38
P20,3,part2_02.avi,37933,379.33,39
P20,3,part2_02.avi,38757,387.57,40
P20,3,part2_02.avi,38973,389.73,41
P20,3,part2_02.avi,39265,392.65,42
P20,3,part2_02.avi,39833,398.33,43
P20,3,part2_02.avi,42193,421.93,44
P20,3,part2_02.avi,42573,425.73,45
P20,4,part2_02.avi,521,5.21,1
P20,4,part2_02.avi,2137,21.37,2
P20,4,part2_02.avi,2649,26.49,3
P20,4,part2_02.avi,3189,31.89,4
P20,4,part2_02.avi,3889,38.89,5
P20,4,part2_02.avi,4749,47.49,6
P20,4,part2_02.avi,6521,65.21,7
P20,4,part2_02.avi,8605,86.05,8
P20,4,part2_02.avi,11013,110.13,9
P20,4,part2_02.avi,12509,125.09,10
P20,4,part2_02.avi,13073,130.73,11
P20,4,part2_02.avi,15061,150.61,12
P20,4,part2_02.avi,17857,178.57,13
P20,4,part2_02.avi,18641,186.41,14
P20,4,part2_02.avi,20097,200.97,15
P20,4,part2_02.avi,22285,222.85,16
P20,4,part2_02.avi,23161,231.61,17
P20,4,part2_02.avi,24733,247.33,18
P20,4,part2_02.avi,26709,267.09,19
P20,4,part2_02.avi,29241,292.41,20
P20,4,part2_02.avi,31365,313.65,21
P20,4,part2_02.avi,34301,343.01,22
P20,4,part2_02.avi,35305,353.05,23
P20,4,part2_02.avi,38945,389.45,24
P20,4,part2_02.avi,40605,406.05,25
P20,4,part2_02.avi,42345,423.45,26
P21,1,part2_01.avi,1141,11.41,1
P21,1,part2_01.avi,2573,25.73,2
P21,1,part2_01.avi,3861,38.61,3
P21,1,part2_01.avi,7001,70.01,4
P21,1,part2_01.avi,12677,126.77,5
P21,1,part2_01.avi,18569,185.69,6
P21,1,part2_01.avi,24605,246.05,7
P21,1,part2_01.avi,28073,280.73,8
P21,1,part2_01.avi,30061,300.61,9
P21,1,part2_01.avi,32949,329.49,10
P21,2,part2_01.avi,413,4.13,1
P21,2,part2_01.avi,1921,19.21,2
P21,2,part2_01.avi,3933,39.33,3
P21,2,part2_01.avi,12733,127.33,4
P21,2,part2_01.avi,22033,220.33,5
P21,2,part2_01.avi,24597,245.97,6
P21,2,part2_01.avi,28121,281.21,7
P21,2,part2_01.avi,32341,323.41,8
P21,3,part2_02.avi,2713,27.13,1
P21,3,part2_02.avi,4045,40.45,2
P21,3,part2_02.avi,6833,68.33,3
P21,3,part2_02.avi,9333,93.33,4
P21,3,part2_02.avi,11781,117.81,5
P21,3,part2_02.avi,19829,198.29,6
P21,3,part2_02.avi,26761,267.61,7
P21,3,part2_02.avi,31441,314.41,8
P21,3,part2_02.avi,35385,353.85,9
P21,3,part2_02.avi,42573,425.73,10
P21,4,part2_02.avi,2673,26.73,1
P21,4,part2_02.avi,3957,39.57,2
P21,4,part2_02.avi,8989,89.89,3
P21,4,part2_02.avi,11801,118.01,4
P21,4,part2_02.avi,20173,201.73,5
P21,4,part2_02.avi,26717,267.17,6
P21,4,part2_02.avi,31293,312.93,7
P21,4,part2_02.avi,35369,353.69,8
P22,1,part2_01.avi,713,7.13,1
P22,1,part2_01.avi,825,8.25,2
P22,1,part2_01.avi,1421,14.21,3
P22,1,part2_01.avi,1593,15.93,4
P22,1,part2_01.avi,1977,19.77,5
P22,1,part2_01.avi,2865,28.65,6
P22,1,part2_01.avi,3873,38.73,7
P22,1,part2_01.avi,5849,58.49,8
P22,1,part2_01.avi,6689,66.89,9
P22,1,part2_01.avi,7041,70.41,10
P22,1,part2_01.avi,7601,76.01,11
P22,1,part2_01.avi,9273,92.73,12
P22,1,part2_01.avi,10389,103.89,13
P22,1,part2_01.avi,11889,118.89,14
P22,1,part2_01.avi,12057,120.57,15
P22,1,part2_01.avi,12693,126.93,16
P22,1,part2_01.avi,15785,157.85,17
P22,1,part2_01.avi,17345,173.45,18
P22,1,part2_01.avi,18049,180.49,19
P22,1,part2_01.avi,18565,185.65,20
P22,1,part2_01.avi,19337,193.37,21
P22,1,part2_01.avi,20949,209.49,22
P22,1,part2_01.avi,22525,225.25,23
P22,1,part2_01.avi,23797,237.97,24
P22,1,part2_01.avi,24085,240.85,25
P22,1,part2_01.avi,24617,246.17,26
P22,1,part2_01.avi,26769,267.69,27
P22,1,part2_01.avi,28293,282.93,28
P22,1,part2_01.avi,29845,298.45,29
P22,1,part2_01.avi,31853,318.53,30
P22,1,part2_01.avi,32041,320.41,31
P22,1,part2_01.avi,32321,323.21,32
P22,1,part2_01.avi,32949,329.49,33
P22,2,part2_01.avi,661,6.61,1
P22,2,part2_01.avi,1285,12.85,2
P22,2,part2_01.avi,3757,37.57,3
P22,2,part2_01.avi,6957,69.57,4
P22,2,part2_01.avi,11021,110.21,5
P22,2,part2_01.avi,12665,126.65,6
P22,2,part2_01.avi,20237,202.37,7
P22,2,part2_01.avi,24057,240.57,8
P22,2,part2_01.avi,24629,246.29,9
P22,2,part2_01.avi,28129,281.29,10
P22,2,part2_01.avi,29913,299.13,11
P22,2,part2_01.avi,31989,319.89,12
P22,3,part2_02.avi,733,7.33,1
P22,3,part2_02.avi,2813,28.13,2
P22,3,part2_02.avi,3913,39.13,3
P22,3,part2_02.avi,7201,72.01,4
P22,3,part2_02.avi,8633,86.33,5
P22,3,part2_02.avi,11125,111.25,6
P22,3,part2_02.avi,11837,118.37,7
P22,3,part2_02.avi,14781,147.81,8
P22,3,part2_02.avi,20053,200.53,9
P22,3,part2_02.avi,20721,207.21,10
P22,3,part2_02.avi,23573,235.73,11
P22,3,part2_02.avi,26949,269.49,12
P22,3,part2_02.avi,29221,292.21,13
P22,3,part2_02.avi,31313,313.13,14
P22,3,part2_02.avi,31617,316.17,15
P22,3,part2_02.avi,38941,389.41,16
P22,3,part2_02.avi,42433,424.33,17
P22,3,part2_02.avi,42573,425.73,18
P22,4,part2_02.avi,2693,26.93,1
P22,4,part2_02.avi,4025,40.25,2
P22,4,part2_02.avi,8637,86.37,3
P22,4,part2_02.avi,13805,138.05,4
P22,4,part2_02.avi,20045,200.45,5
P22,4,part2_02.avi,28801,288.01,6
P22,4,part2_02.avi,31281,312.81,7
P22,4,part2_02.avi,42469,424.69,8
P23,1,part2_01.avi,609,6.09,1
P23,1,part2_01.avi,1233,12.33,2
P23,1,part2_01.avi,1905,19.05,3
P23,1,part2_01.avi,3373,33.73,4
P23,1,part2_01.avi,4309,43.09,5
P23,1,part2_01.avi,5009,50.09,6
P23,1,part2_01.avi,5793,57.93,7
P23,1,part2_01.avi,6685,66.85,8
P23,1,part2_01.avi,6929,69.29,9
P23,1,part2_01.avi,7557,75.57,10
P23,1,part2_01.avi,8873,88.73,11
P23,1,part2_01.avi,9709,97.09,12
P23,1,part2_01.avi,11397,113.97,13
P23,1,part2_01.avi,12145,121.45,14
P23,1,part2_01.avi,12645,126.45,15
P23,1,part2_01.avi,14253,142.53,16
P23,1,part2_01.avi,15025,150.25,17
P23,1,part2_01.avi,16273,162.73,18
P23,1,part2_01.avi,17289,172.89,19
P23,1,part2_01.avi,18597,185.97,20
P23,1,part2_01.avi,19233,192.33,21
P23,1,part2_01.avi,20041,200.41,22
P23,1,part2_01.avi,20593,205.93,23
P23,1,part2_01.avi,22205,222.05,24
P23,1,part2_01.avi,24189,241.89,25
P23,1,part2_01.avi,24597,245.97,26
P23,1,part2_01.avi,25701,257.01,27
P23,1,part2_01.avi,26733,267.33,28
P23,1,part2_01.avi,28149,281.49,29
P23,1,part2_01.avi,28445,284.45,30
P23,1,part2_01.avi,29801,298.01,31
P23,1,part2_01.avi,31593,315.93,32
P23,1,part2_01.avi,31857,318.57,33
P23,1,part2_01.avi,32333,323.33,34
P23,1,part2_01.avi,32949,329.49,35
P23,2,part2_01.avi,617,6.17,1
P23,2,part2_01.avi,1197,11.97,2
P23,2,part2_01.avi,2697,26.97,3
P23,2,part2_01.avi,3889,38.89,4
P23,2,part2_01.avi,5885,58.85,5
P23,2,part2_01.avi,6893,68.93,6
P23,2,part2_01.avi,9733,97.33,7
P23,2,part2_01.avi,12273,122.73,8
P23,2,part2_01.avi,12813,128.13,9
P23,2,part2_01.avi,17353,173.53,10
P23,2,part2_01.avi,18597,185.97,11
P23,2,part2_01.avi,20061,200.61,12
P23,2,part2_01.avi,21985,219.85,13
P23,2,part2_01.avi,24317,243.17,14
P23,2,part2_01.avi,24745,247.45,15
P23,2,part2_01.avi,25761,257.61,16
P23,2,part2_01.avi,27513,275.13,17
P23,2,part2_01.avi,28157,281.57,18
P23,2,part2_01.avi,29841,298.41,19
P23,2,part2_01.avi,31849,318.49,20
P23,2,part2_01.avi,32309,323.09,21
P23,3,part2_02.avi,1217,12.17,1
P23,3,part2_02.avi,2681,26.81,2
P23,3,part2_02.avi,3929,39.29,3
P23,3,part2_02.avi,6445,64.45,4
P23,3,part2_02.avi,8657,86.57,5
P23,3,part2_02.avi,9433,94.33,6
P23,3,part2_02.avi,12593,125.93,7
P23,3,part2_02.avi,13093,130.93,8
P23,3,part2_02.avi,15805,158.05,9
P23,3,part2_02.avi,18621,186.21,10
P23,3,part2_02.avi,19661,196.61,11
P23,3,part2_02.avi,23553,235.53,12
P23,3,part2_02.avi,25061,250.61,13
P23,3,part2_02.avi,26705,267.05,14
P23,3,part2_02.avi,28765,287.65,15
P23,3,part2_02.avi,29725,297.25,16
P23,3,part2_02.avi,31325,313.25,17
P23,3,part2_02.avi,33389,333.89,18
P23,3,part2_02.avi,35281,352.81,19
P23,3,part2_02.avi,38281,382.81,20
P23,3,part2_02.avi,39417,394.17,21
P23,3,part2_02.avi,42565,425.65,22
P23,3,part2_02.avi,42573,425.73,23
P23,4,part2_02.avi,1161,11.61,1
P23,4,part2_02.avi,2625,26.25,2
P23,4,part2_02.avi,3245,32.45,3
P23,4,part2_02.avi,4037,40.37,4
P23,4,part2_02.avi,6453,64.53,5
P23,4,part2_02.avi,8609,86.09,6
P23,4,part2_02.avi,11453,114.53,7
P23,4,part2_02.avi,13065,130.65,8
P23,4,part2_02.avi,13865,138.65,9
P23,4,part2_02.avi,15813,158.13,10
P23,4,part2_02.avi,18621,186.21,11
P23,4,part2_02.avi,20141,201.41,12
P23,4,part2_02.avi,23209,232.09,13
P23,4,part2_02.avi,23569,235.69,14
P23,4,part2_02.avi,25221,252.21,15
P23,4,part2_02.avi,26797,267.97,16
P23,4,part2_02.avi,28453,284.53,17
P23,4,part2_02.avi,29173,291.73,18
P23,4,part2_02.avi,31305,313.05,19
P23,4,part2_02.avi,34361,343.61,20
P23,4,part2_02.avi,35321,353.21,21
P23,4,part2_02.avi,37933,379.33,22
P23,4,part2_02.avi,38917,389.17,23
P23,4,part2_02.avi,41581,415.81,24
P24,1,part2_01.avi,273,2.73,1
P24,1,part2_01.avi,3777,37.77,2
P24,1,part2_01.avi,4357,43.57,3
P24,1,part2_01.avi,6669,66.69,4
P24,1,part2_01.avi,6905,69.05,5
P24,1,part2_01.avi,11313,113.13,6
P24,1,part2_01.avi,12645,126.45,7
P24,1,part2_01.avi,18549,185.49,8
P24,1,part2_01.avi,20965,209.65,9
P24,1,part2_01.avi,24549,245.49,10
P24,1,part2_01.avi,31853,318.53,11
P24,1,part2_01.avi,32061,320.61,12
P24,1,part2_01.avi,32949,329.49,13
P24,2,part2_01.avi,3873,38.73,1
P24,2,part2_01.avi,6901,69.01,2
P24,2,part2_01.avi,12685,126.85,3
P24,2,part2_01.avi,32001,320.01,4
P24,2,part2_01.avi,32913,329.13,5
P24,3,part2_02.avi,11769,117.69,1
P24,3,part2_02.avi,18333,183.33,2
P24,3,part2_02.avi,19849,198.49,3
P24,3,part2_02.avi,20749,207.49,4
P24,3,part2_02.avi,26737,267.37,5
P24,3,part2_02.avi,31313,313.13,6
P24,3,part2_02.avi,35453,354.53,7
P24,3,part2_02.avi,38881,388.81,8
P24,3,part2_02.avi,42245,422.45,9
P24,3,part2_02.avi,42573,425.73,10
P24,4,part2_02.avi,2665,26.65,1
P24,4,part2_02.avi,8617,86.17,2
P24,4,part2_02.avi,17245,172.45,3
P24,4,part2_02.avi,20137,201.37,3
P24,4,part2_02.avi,31309,313.09,4
P25,1,part2_01.avi,809,8.09,1
P25,1,part2_01.avi,1265,12.65,2
P25,1,part2_01.avi,1273,12.73,3
P25,1,part2_01.avi,6929,69.29,4
P25,1,part2_01.avi,12685,126.85,5
P25,1,part2_01.avi,15713,157.13,6
P25,1,part2_01.avi,19289,192.89,7
P25,1,part2_01.avi,32061,320.61,8
P25,1,part2_01.avi,32285,322.85,9
P25,1,part2_01.avi,32949,329.49,10
P25,2,part2_01.avi,6921,69.21,1
P25,2,part2_01.avi,12673,126.73,2
P25,2,part2_01.avi,24729,247.29,3
P25,2,part2_01.avi,32065,320.65,4
P25,2,part2_01.avi,32349,323.49,5
P25,3,part2_02.avi,3745,37.45,1
P25,3,part2_02.avi,20677,206.77,2
P25,3,part2_02.avi,31361,313.61,3
P25,3,part2_02.avi,39365,393.65,4
P25,3,part2_02.avi,42573,425.73,5
P25,4,part2_02.avi,8629,86.29,1
P25,4,part2_02.avi,11749,117.49,1
P25,4,part2_02.avi,20189,201.89,2
P25,4,part2_02.avi,31333,313.33,3
P26,1,part2_01.avi,257,2.57,1
P26,1,part2_01.avi,649,6.49,2
P26,1,part2_01.avi,869,8.69,3
P26,1,part2_01.avi,1281,12.81,4
P26,1,part2_01.avi,1929,19.29,5
P26,1,part2_01.avi,2133,21.33,6
P26,1,part2_01.avi,3857,38.57,7
P26,1,part2_01.avi,4337,43.37,8
P26,1,part2_01.avi,4653,46.53,9
P26,1,part2_01.avi,5041,50.41,10
P26,1,part2_01.avi,5969,59.69,11
P26,1,part2_01.avi,6649,66.49,12
P26,1,part2_01.avi,6957,69.57,13
P26,1,part2_01.avi,10661,106.61,14
P26,1,part2_01.avi,11301,113.01,15
P26,1,part2_01.avi,12165,121.65,16
P26,1,part2_01.avi,12681,126.81,17
P26,1,part2_01.avi,15733,157.33,18
P26,1,part2_01.avi,17333,173.33,19
P26,1,part2_01.avi,18509,185.09,20
P26,1,part2_01.avi,19237,192.37,21
P26,1,part2_01.avi,20081,200.81,22
P26,1,part2_01.avi,20917,209.17,23
P26,1,part2_01.avi,21953,219.53,24
P26,1,part2_01.avi,22833,228.33,25
P26,1,part2_01.avi,24049,240.49,26
P26,1,part2_01.avi,24625,246.25,27
P26,1,part2_01.avi,26309,263.09,28
P26,1,part2_01.avi,27373,273.73,29
P26,1,part2_01.avi,28137,281.37,30
P26,1,part2_01.avi,29781,297.81,31
P26,1,part2_01.avi,31229,312.29,32
P26,1,part2_01.avi,31869,318.69,33
P26,1,part2_01.avi,32345,323.45,34
P26,1,part2_01.avi,32949,329.49,35
P26,2,part2_01.avi,1921,19.21,1
P26,2,part2_01.avi,3849,38.49,2
P26,2,part2_01.avi,5973,59.73,3
P26,2,part2_01.avi,6953,69.53,3
P26,2,part2_01.avi,10697,106.97,4
P26,2,part2_01.avi,12669,126.69,5
P26,2,part2_01.avi,18525,185.25,6
P26,2,part2_01.avi,20073,200.73,7
P26,2,part2_01.avi,22797,227.97,8
P26,2,part2_01.avi,24533,245.33,9
P26,2,part2_01.avi,27393,273.93,10
P26,2,part2_01.avi,29837,298.37,10
P26,2,part2_01.avi,31845,318.45,10
P26,3,part2_02.avi,3773,37.73,1
P26,3,part2_02.avi,8601,86.01,2
P26,3,part2_02.avi,12529,125.29,3
P26,3,part2_02.avi,15781,157.81,4
P26,3,part2_02.avi,17405,174.05,5
P26,3,part2_02.avi,18581,185.81,6
P26,3,part2_02.avi,20641,206.41,7
P26,3,part2_02.avi,23549,235.49,8
P26,3,part2_02.avi,26673,266.73,9
P26,3,part2_02.avi,29161,291.61,10
P26,3,part2_02.avi,31389,313.89,11
P26,3,part2_02.avi,34393,343.93,12
P26,3,part2_02.avi,37849,378.49,13
P26,3,part2_02.avi,38953,389.53,14
P26,3,part2_02.avi,42217,422.17,15
P26,3,part2_02.avi,42573,425.73,16
P26,4,part2_02.avi,3761,37.61,1
P26,4,part2_02.avi,6785,67.85,2
P26,4,part2_02.avi,9297,92.97,3
P26,4,part2_02.avi,13081,130.81,4
P26,4,part2_02.avi,18585,185.85,4
P26,4,part2_02.avi,20073,200.73,4
P26,4,part2_02.avi,26673,266.73,5
P26,4,part2_02.avi,29177,291.77,6
P26,4,part2_02.avi,31325,313.25,6
P26,4,part2_02.avi,35301,353.01,7
P26,4,part2_02.avi,38765,387.65,8
P27,1,part2_01.avi,2809,28.09,1
P27,1,part2_01.avi,6057,60.57,2
P27,1,part2_01.avi,7001,70.01,3
P27,1,part2_01.avi,10989,109.89,4
P27,1,part2_01.avi,12681,126.81,5
P27,1,part2_01.avi,18573,185.73,6
P27,1,part2_01.avi,24689,246.89,7
P27,1,part2_01.avi,30185,301.85,8
P27,1,part2_01.avi,32401,324.01,9
P27,1,part2_01.avi,32949,329.49,10
P27,2,part2_01.avi,3737,37.37,1
P27,2,part2_01.avi,10753,107.53,2
P27,2,part2_01.avi,18521,185.21,3
P27,2,part2_01.avi,24701,247.01,4
P27,2,part2_01.avi,31853,318.53,5
P27,3,part2_02.avi,2657,26.57,1
P27,3,part2_02.avi,8249,82.49,2
P27,3,part2_02.avi,11841,118.41,3
P27,3,part2_02.avi,15425,154.25,4
P27,3,part2_02.avi,20205,202.05,5
P27,3,part2_02.avi,23953,239.53,6
P27,3,part2_02.avi,29281,292.81,7
P27,3,part2_02.avi,35425,354.25,8
P27,3,part2_02.avi,42573,425.73,9
P27,4,part2_02.avi,2645,26.45,1
P27,4,part2_02.avi,8693,86.93,2
P27,4,part2_02.avi,15817,158.17,3
P27,4,part2_02.avi,21533,215.33,4
P27,4,part2_02.avi,31373,313.73,5
P28,1,part2_01.avi,1237,12.37,1
P28,1,part2_01.avi,3745,37.45,2
P28,1,part2_01.avi,10657,106.57,3
P28,1,part2_01.avi,19409,194.09,4
P28,1,part2_01.avi,26309,263.09,5
P28,1,part2_01.avi,30929,309.29,6
P28,1,part2_01.avi,32313,323.13,7
P28,1,part2_01.avi,32949,329.49,8
P28,2,part2_01.avi,2553,25.53,1
P28,2,part2_01.avi,3853,38.53,2
P28,2,part2_01.avi,12757,127.57,3
P28,2,part2_01.avi,32069,320.69,4
P28,3,part2_02.avi,3817,38.17,1
P28,3,part2_02.avi,20529,205.29,2
P28,3,part2_02.avi,31145,311.45,3
P28,3,part2_02.avi,38889,388.89,4
P28,3,part2_02.avi,42573,425.73,5
P28,4,part2_02.avi,3701,37.01,1
P28,4,part2_02.avi,13053,130.53,2
P28,4,part2_02.avi,19541,195.41,2
P28,4,part2_02.avi,31213,312.13,3
P28,4,part2_02.avi,38893,388.93,4
P29,1,part2_01.avi,1253,12.53,1
P29,1,part2_01.avi,3365,33.65,2
P29,1,part2_01.avi,3761,37.61,3
P29,1,part2_01.avi,5849,58.49,4
P29,1,part2_01.avi,6921,69.21,5
P29,1,part2_01.avi,12677,126.77,6
P29,1,part2_01.avi,14301,143.01,7
P29,1,part2_01.avi,15665,156.65,8
P29,1,part2_01.avi,17333,173.33,9
P29,1,part2_01.avi,18541,185.41,10
P29,1,part2_01.avi,22221,222.21,11
P29,1,part2_01.avi,24341,243.41,12
P29,1,part2_01.avi,28125,281.25,13
P29,1,part2_01.avi,29777,297.77,14
P29,1,part2_01.avi,31205,312.05,15
P29,1,part2_01.avi,31853,318.53,16
P29,1,part2_01.avi,32345,323.45,17
P29,1,part2_01.avi,32921,329.21,18
P29,1,part2_01.avi,32949,329.49,19
P29,2,part2_01.avi,1233,12.33,1
P29,2,part2_01.avi,2053,20.53,2
P29,2,part2_01.avi,6977,69.77,2
P29,2,part2_01.avi,12661,126.61,3
P29,2,part2_01.avi,15709,157.09,4
P29,2,part2_01.avi,20941,209.41,5
P29,2,part2_01.avi,30057,300.57,6
P29,2,part2_01.avi,32857,328.57,7
P29,3,part2_02.avi,8637,86.37,1
P29,3,part2_02.avi,13937,139.37,2
P29,3,part2_02.avi,19733,197.33,3
P29,3,part2_02.avi,20061,200.61,4
P29,3,part2_02.avi,25249,252.49,5
P29,3,part2_02.avi,26725,267.25,6
P29,3,part2_02.avi,31393,313.93,7
P29,3,part2_02.avi,35301,353.01,8
P29,3,part2_02.avi,42533,425.33,9
P29,3,part2_02.avi,42573,425.73,10
P29,4,part2_02.avi,2801,28.01,1
P29,4,part2_02.avi,8673,86.73,2
P29,4,part2_02.avi,14913,149.13,3
P29,4,part2_02.avi,14933,149.33,4
P29,4,part2_02.avi,22985,229.85,4
P29,4,part2_02.avi,31385,313.85,5
P29,4,part2_02.avi,42573,425.73,6
P30,1,part2_01.avi,1945,19.45,1
P30,1,part2_01.avi,2673,26.73,2
P30,1,part2_01.avi,3861,38.61,3
P30,1,part2_01.avi,6929,69.29,4
P30,1,part2_01.avi,10677,106.77,5
P30,1,part2_01.avi,11693,116.93,6
P30,1,part2_01.avi,12701,127.01,7
P30,1,part2_01.avi,17877,178.77,8
P30,1,part2_01.avi,18665,186.65,9
P30,1,part2_01.avi,19397,193.97,10
P30,1,part2_01.avi,22153,221.53,11
P30,1,part2_01.avi,24337,243.37,12
P30,1,part2_01.avi,24625,246.25,13
P30,1,part2_01.avi,28113,281.13,14
P30,1,part2_01.avi,30025,300.25,15
P30,1,part2_01.avi,32073,320.73,16
P30,1,part2_01.avi,32949,329.49,17
P30,2,part2_01.avi,2737,27.37,1
P30,2,part2_01.avi,10705,107.05,2
P30,2,part2_01.avi,12709,127.09,3
P30,2,part2_01.avi,18057,180.57,4
P30,2,part2_01.avi,24645,246.45,5
P30,2,part2_01.avi,28073,280.73,6
P30,2,part2_01.avi,32509,325.09,7
P30,3,part2_02.avi,2701,27.01,1
P30,3,part2_02.avi,3925,39.25,2
P30,3,part2_02.avi,8669,86.69,3
P30,3,part2_02.avi,11341,113.41,4
P30,3,part2_02.avi,13857,138.57,5
P30,3,part2_02.avi,20681,206.81,6
P30,3,part2_02.avi,23713,237.13,7
P30,3,part2_02.avi,26821,268.21,8
P30,3,part2_02.avi,31417,314.17,9
P30,3,part2_02.avi,42573,425.73,10
P30,4,part2_02.avi,3733,37.33,1
P30,4,part2_02.avi,8781,87.81,2
P30,4,part2_02.avi,11881,118.81,3
P30,4,part2_02.avi,20149,201.49,4
P30,4,part2_02.avi,31401,314.01,5
P30,4,part2_02.avi,35433,354.33,6
P31,1,part1_10b.avi,3913,39.13,1
P31,1,part1_10b.avi,3977,39.77,2
P31,3,part1_09b.avi,2705,27.05,1
P31,3,part1_09b.avi,5225,52.25,2
P31,4,part1_02a.avi,725,7.25,1
P31,4,part1_02a.avi,1369,13.69,2
P31,4,part1_02a.avi,2645,26.45,3
P31,6,part1_06b.avi,2061,20.61,1
P31,6,part1_06b.avi,4569,45.69,2
P31,7,part1_09a.avi,725,7.25,1
P31,7,part1_09a.avi,5173,51.73,2
P31,7,part1_09a.avi,5233,52.33,3
P31,8,part1_03b.avi,1061,10.61,1
P31,8,part1_03b.avi,2605,26.05,2
P31,8,part1_03b.avi,3681,36.81,3
P31,8,part1_03b.avi,6817,68.17,4
P31,9,part1_01a.avi,1389,13.89,1
P31,9,part1_01a.avi,2825,28.25,2
P31,9,part1_01a.avi,4637,46.37,3
P31,9,part1_01a.avi,4981,49.81,4
P31,11,part1_02c.avi,2589,25.89,1
P31,11,part1_02c.avi,2649,26.49,2
P31,12,part1_08b.avi,2857,28.57,1
P31,12,part1_08b.avi,5853,58.53,2
P31,13,part1_03a.avi,2605,26.05,1
P31,13,part1_03a.avi,3749,37.49,2
P31,13,part1_03a.avi,6821,68.21,3
P31,14,part1_02b.avi,365,3.65,1
P31,14,part1_02b.avi,1417,14.17,2
P31,14,part1_02b.avi,2645,26.45,3
P31,15,part1_07a.avi,833,8.33,1
P31,15,part1_07a.avi,3201,32.01,2
P31,15,part1_07a.avi,4625,46.25,3
P31,16,part1_05c.avi,2577,25.77,1
P31,16,part1_05c.avi,3269,32.69,2
P31,16,part1_05c.avi,5217,52.17,3
P31,17,part1_08a.avi,1937,19.37,1
P31,17,part1_08a.avi,4525,45.25,2
P31,17,part1_08a.avi,5381,53.81,3
P31,17,part1_08a.avi,5873,58.73,4
P31,18,part1_07c.avi,2657,26.57,1
P31,18,part1_07c.avi,4489,44.89,2
P31,18,part1_07c.avi,4613,46.13,3
P31,19,part1_01b.avi,557,5.57,1
P31,19,part1_01b.avi,3269,32.69,2
P31,19,part1_01b.avi,4293,42.93,3
P31,19,part1_01b.avi,4537,45.37,4
P31,20,part1_06c.avi,685,6.85,1
P31,20,part1_06c.avi,2033,20.33,2
P31,20,part1_06c.avi,3209,32.09,3
P31,20,part1_06c.avi,4233,42.33,4
P31,20,part1_06c.avi,4581,45.81,5
P31,21,part1_04a.avi,397,3.97,1
P31,21,part1_04a.avi,1273,12.73,2
P31,21,part1_04a.avi,1925,19.25,3
P31,21,part1_04a.avi,2573,25.73,4
P31,21,part1_04a.avi,2725,27.25,5
P31,22,part1_07b.avi,1329,13.29,1
P31,22,part1_07b.avi,1889,18.89,2
P31,22,part1_07b.avi,3125,31.25,3
P31,22,part1_07b.avi,4401,44.01,4
P31,22,part1_07b.avi,4613,46.13,5
P31,23,part1_03c.avi,1361,13.61,1
P31,23,part1_03c.avi,2601,26.01,2
P31,23,part1_03c.avi,4049,40.49,3
P31,23,part1_03c.avi,4785,47.85,4
P31,23,part1_03c.avi,5793,57.93,5
P31,23,part1_03c.avi,6349,63.49,6
P31,23,part1_03c.avi,6821,68.21,7
P31,24,part1_06a.avi,529,5.29,1
P31,24,part1_06a.avi,1677,16.77,2
P31,24,part1_06a.avi,2585,25.85,3
P31,24,part1_06a.avi,4585,45.85,4
P31,25,part1_08c.avi,1837,18.37,1
P31,25,part1_08c.avi,3929,39.29,2
P31,25,part1_08c.avi,5877,58.77,3
P31,26,part1_05a.avi,629,6.29,1
P31,26,part1_05a.avi,3861,38.61,2
P31,26,part1_05a.avi,5125,51.25,3
P31,26,part1_05a.avi,5217,52.17,4
P31,27,part1_09c.avi,617,6.17,1
P31,27,part1_09c.avi,3305,33.05,2
P31,27,part1_09c.avi,5217,52.17,3
P31,28,part1_05b.avi,1253,12.53,1
P31,28,part1_05b.avi,2477,24.77,2
P31,28,part1_05b.avi,3445,34.45,3
P31,28,part1_05b.avi,4725,47.25,4
P31,28,part1_05b.avi,5229,52.29,5
P31,29,part1_04c.avi,525,5.25,1
P31,29,part1_04c.avi,2717,27.17,2
P31,30,part1_10a.avi,613,6.13,1
P31,30,part1_10a.avi,2581,25.81,2
P31,30,part1_10a.avi,3245,32.45,3
P31,30,part1_10a.avi,3981,39.81,4
P31,1,part2_01.avi,281,2.81,1
P31,1,part2_01.avi,733,7.33,2
P31,1,part2_01.avi,977,9.77,3
P31,1,part2_01.avi,1489,14.89,4
P31,1,part2_01.avi,2101,21.01,5
P31,1,part2_01.avi,3721,37.21,6
P31,1,part2_01.avi,4341,43.41,7
P31,1,part2_01.avi,5129,51.29,8
P31,1,part2_01.avi,6773,67.73,9
P31,1,part2_01.avi,7565,75.65,10
P31,1,part2_01.avi,8565,85.65,11
P31,1,part2_01.avi,9273,92.73,12
P31,1,part2_01.avi,10353,103.53,13
P31,1,part2_01.avi,11377,113.77,14
P31,1,part2_01.avi,12653,126.53,15
P31,1,part2_01.avi,14221,142.21,16
P31,1,part2_01.avi,15685,156.85,17
P31,1,part2_01.avi,17817,178.17,18
P31,1,part2_01.avi,18557,185.57,19
P31,1,part2_01.avi,19337,193.37,20
P31,1,part2_01.avi,20981,209.81,21
P31,1,part2_01.avi,21989,219.89,22
P31,1,part2_01.avi,24549,245.49,23
P31,1,part2_01.avi,26321,263.21,24
P31,1,part2_01.avi,27429,274.29,25
P31,1,part2_01.avi,29833,298.33,26
P31,1,part2_01.avi,31845,318.45,27
P31,1,part2_01.avi,32949,329.49,28
P31,2,part2_01.avi,677,6.77,1
P31,2,part2_01.avi,2673,26.73,2
P31,2,part2_01.avi,6885,68.85,3
P31,2,part2_01.avi,12169,121.69,4
P31,2,part2_01.avi,12809,128.09,5
P31,2,part2_01.avi,17861,178.61,6
P31,2,part2_01.avi,19365,193.65,7
P31,2,part2_01.avi,21997,219.97,8
P31,2,part2_01.avi,24605,246.05,9
P31,2,part2_01.avi,28105,281.05,10
P31,2,part2_01.avi,31893,318.93,11
P31,2,part2_01.avi,32293,322.93,11
P31,3,part2_02.avi,2789,27.89,1
P31,3,part2_02.avi,8741,87.41,2
P31,3,part2_02.avi,13865,138.65,3
P31,3,part2_02.avi,19661,196.61,4
P31,3,part2_02.avi,23577,235.77,5
P31,3,part2_02.avi,26833,268.33,6
P31,3,part2_02.avi,29157,291.57,7
P31,3,part2_02.avi,31501,315.01,8
P31,3,part2_02.avi,35333,353.33,9
P31,3,part2_02.avi,38933,389.33,10
P31,3,part2_02.avi,42201,422.01,11
P31,3,part2_02.avi,42573,425.73,12
P31,4,part2_02.avi,2669,26.69,1
P31,4,part2_02.avi,7041,70.41,2
P31,4,part2_02.avi,8665,86.65,3
P31,4,part2_02.avi,11873,118.73,4
P31,4,part2_02.avi,19633,196.33,5
P31,4,part2_02.avi,23569,235.69,6
P31,4,part2_02.avi,28441,284.41,7
P31,4,part2_02.avi,31429,314.29,8
P31,4,part2_02.avi,38921,389.21,9
P31,4,part2_02.avi,42149,421.49,9
P32,1,part2_01.avi,2697,26.97,1
P32,1,part2_01.avi,5149,51.49,2
P32,1,part2_01.avi,5825,58.25,3
P32,1,part2_01.avi,6669,66.69,4
P32,1,part2_01.avi,7525,75.25,5
P32,1,part2_01.avi,8549,85.49,6
P32,1,part2_01.avi,9821,98.21,7
P32,1,part2_01.avi,10665,106.65,8
P32,1,part2_01.avi,11633,116.33,9
P32,1,part2_01.avi,12141,121.41,10
P32,1,part2_01.avi,12657,126.57,11
P32,1,part2_01.avi,13869,138.69,12
P32,1,part2_01.avi,15017,150.17,13
P32,1,part2_01.avi,15673,156.73,14
P32,1,part2_01.avi,16617,166.17,15
P32,1,part2_01.avi,17353,173.53,16
P32,1,part2_01.avi,18521,185.21,17
P32,1,part2_01.avi,19229,192.29,18
P32,1,part2_01.avi,20069,200.69,19
P32,1,part2_01.avi,20597,205.97,20
P32,1,part2_01.avi,21965,219.65,21
P32,1,part2_01.avi,22749,227.49,22
P32,1,part2_01.avi,23689,236.89,23
P32,1,part2_01.avi,24549,245.49,24
P32,1,part2_01.avi,25473,254.73,25
P32,1,part2_01.avi,26489,264.89,26
P32,1,part2_01.avi,27417,274.17,27
P32,1,part2_01.avi,28049,280.49,28
P32,1,part2_01.avi,29157,291.57,29
P32,1,part2_01.avi,29769,297.69,30
P32,1,part2_01.avi,31205,312.05,31
P32,1,part2_01.avi,32017,320.17,32
P32,1,part2_01.avi,32949,329.49,33
P32,2,part2_01.avi,2733,27.33,1
P32,2,part2_01.avi,5141,51.41,2
P32,2,part2_01.avi,6209,62.09,3
P32,2,part2_01.avi,7033,70.33,4
P32,2,part2_01.avi,8585,85.85,5
P32,2,part2_01.avi,10105,101.05,6
P32,2,part2_01.avi,12229,122.29,7
P32,2,part2_01.avi,12921,129.21,8
P32,2,part2_01.avi,14369,143.69,9
P32,2,part2_01.avi,15721,157.21,10
P32,2,part2_01.avi,17369,173.69,11
P32,2,part2_01.avi,18509,185.09,12
P32,2,part2_01.avi,19333,193.33,13
P32,2,part2_01.avi,21969,219.69,14
P32,2,part2_01.avi,22925,229.25,15
P32,2,part2_01.avi,24165,241.65,16
P32,2,part2_01.avi,24765,247.65,17
P32,2,part2_01.avi,25789,257.89,18
P32,2,part2_01.avi,26877,268.77,19
P32,2,part2_01.avi,28133,281.33,20
P32,2,part2_01.avi,29829,298.29,21
P32,2,part2_01.avi,31209,312.09,22
P32,2,part2_01.avi,32469,324.69,23
P32,3,part2_02.avi,2597,25.97,1
P32,3,part2_02.avi,3697,36.97,2
P32,3,part2_02.avi,6717,67.17,3
P32,3,part2_02.avi,8305,83.05,4
P32,3,part2_02.avi,8641,86.41,5
P32,3,part2_02.avi,11045,110.45,6
P32,3,part2_02.avi,11837,118.37,7
P32,3,part2_02.avi,12637,126.37,8
P32,3,part2_02.avi,13205,132.05,9
P32,3,part2_02.avi,13857,138.57,10
P32,3,part2_02.avi,15805,158.05,11
P32,3,part2_02.avi,17457,174.57,12
P32,3,part2_02.avi,18833,188.33,13
P32,3,part2_02.avi,19673,196.73,14
P32,3,part2_02.avi,22261,222.61,15
P32,3,part2_02.avi,23649,236.49,16
P32,3,part2_02.avi,24801,248.01,17
P32,3,part2_02.avi,25217,252.17,18
P32,3,part2_02.avi,26689,266.89,19
P32,3,part2_02.avi,28337,283.37,20
P32,3,part2_02.avi,29261,292.61,21
P32,3,part2_02.avi,31285,312.85,22
P32,3,part2_02.avi,32465,324.65,23
P32,3,part2_02.avi,34589,345.89,24
P32,3,part2_02.avi,35349,353.49,25
P32,3,part2_02.avi,38345,383.45,26
P32,3,part2_02.avi,38777,387.77,27
P32,3,part2_02.avi,41065,410.65,28
P32,3,part2_02.avi,42161,421.61,29
P32,3,part2_02.avi,42573,425.73,30
P32,4,part2_02.avi,2625,26.25,1
P32,4,part2_02.avi,3785,37.85,2
P32,4,part2_02.avi,6745,67.45,2
P32,4,part2_02.avi,8609,86.09,3
P32,4,part2_02.avi,10521,105.21,4
P32,4,part2_02.avi,11077,110.77,5
P32,4,part2_02.avi,11885,118.85,6
P32,4,part2_02.avi,13105,131.05,7
P32,4,part2_02.avi,13833,138.33,8
P32,4,part2_02.avi,15177,151.77,9
P32,4,part2_02.avi,15789,157.89,9
P32,4,part2_02.avi,17457,174.57,10
P32,4,part2_02.avi,18753,187.53,11
P32,4,part2_02.avi,19669,196.69,12
P32,4,part2_02.avi,23577,235.77,13
P32,4,part2_02.avi,24945,249.45,14
P32,4,part2_02.avi,25365,253.65,15
P32,4,part2_02.avi,26689,266.89,16
P32,4,part2_02.avi,27817,278.17,17
P32,4,part2_02.avi,28429,284.29,18
P32,4,part2_02.avi,29209,292.09,19
P32,4,part2_02.avi,31293,312.93,20
P32,4,part2_02.avi,34389,343.89,21
P32,4,part2_02.avi,35297,352.97,22
P32,4,part2_02.avi,38837,388.37,23
P32,4,part2_02.avi,40841,408.41,24
P32,4,part2_02.avi,42169,421.69,25
P33,1,part2_01.avi,661,6.61,1
P33,1,part2_01.avi,1993,19.93,2
P33,1,part2_01.avi,3937,39.37,3
P33,1,part2_01.avi,6037,60.37,4
P33,1,part2_01.avi,7181,71.81,5
P33,1,part2_01.avi,9893,98.93,6
P33,1,part2_01.avi,12765,127.65,7
P33,1,part2_01.avi,16773,167.73,8
P33,1,part2_01.avi,18545,185.45,9
P33,1,part2_01.avi,20253,202.53,10
P33,1,part2_01.avi,22805,228.05,11
P33,1,part2_01.avi,23761,237.61,12
P33,1,part2_01.avi,25709,257.09,13
P33,1,part2_01.avi,28125,281.25,14
P33,1,part2_01.avi,30021,300.21,15
P33,1,part2_01.avi,32353,323.53,16
P33,1,part2_01.avi,32949,329.49,17
P33,2,part2_01.avi,473,4.73,1
P33,2,part2_01.avi,3733,37.33,2
P33,2,part2_01.avi,12761,127.61,3
P33,2,part2_01.avi,19525,195.25,4
P33,2,part2_01.avi,20289,202.89,5
P33,2,part2_01.avi,24813,248.13,6
P33,2,part2_01.avi,28285,282.85,7
P33,2,part2_01.avi,32053,320.53,8
P33,3,part2_02.avi,281,2.81,1
P33,3,part2_02.avi,2637,26.37,2
P33,3,part2_02.avi,3953,39.53,3
P33,3,part2_02.avi,6833,68.33,4
P33,3,part2_02.avi,8673,86.73,5
P33,3,part2_02.avi,9397,93.97,6
P33,3,part2_02.avi,11753,117.53,7
P33,3,part2_02.avi,20049,200.49,8
P33,3,part2_02.avi,20689,206.89,9
P33,3,part2_02.avi,26697,266.97,10
P33,3,part2_02.avi,29297,292.97,11
P33,3,part2_02.avi,31329,313.29,12
P33,3,part2_02.avi,31685,316.85,13
P33,3,part2_02.avi,35489,354.89,14
P33,3,part2_02.avi,42277,422.77,15
P33,3,part2_02.avi,42573,425.73,16
P33,4,part2_02.avi,145,1.45,1
P33,4,part2_02.avi,2873,28.73,2
P33,4,part2_02.avi,3001,30.01,3
P33,4,part2_02.avi,9533,95.33,4
P33,4,part2_02.avi,11841,118.41,5
P33,4,part2_02.avi,20077,200.77,6
P33,4,part2_02.avi,26497,264.97,7
P33,4,part2_02.avi,26721,267.21,7
P33,4,part2_02.avi,31321,313.21,7
P33,4,part2_02.avi,35285,352.85,8
P33,4,part2_02.avi,42457,424.57,9
P34,1,part2_01.avi,645,6.45,1
P34,1,part2_01.avi,1261,12.61,2
P34,1,part2_01.avi,1969,19.69,3
P34,1,part2_01.avi,3793,37.93,4
P34,1,part2_01.avi,5037,50.37,5
P34,1,part2_01.avi,5997,59.97,6
P34,1,part2_01.avi,6941,69.41,7
P34,1,part2_01.avi,10429,104.29,8
P34,1,part2_01.avi,12173,121.73,9
P34,1,part2_01.avi,12661,126.61,10
P34,1,part2_01.avi,15761,157.61,11
P34,1,part2_01.avi,17841,178.41,12
P34,1,part2_01.avi,18549,185.49,13
P34,1,part2_01.avi,20941,209.41,14
P34,1,part2_01.avi,24585,245.85,15
P34,1,part2_01.avi,25777,257.77,16
P34,1,part2_01.avi,28077,280.77,17
P34,1,part2_01.avi,29873,298.73,18
P34,1,part2_01.avi,31281,312.81,19
P34,1,part2_01.avi,32045,320.45,20
P34,1,part2_01.avi,32361,323.61,21
P34,1,part2_01.avi,32949,329.49,22
P34,2,part2_01.avi,3757,37.57,1
P34,2,part2_01.avi,6941,69.41,2
P34,2,part2_01.avi,12161,121.61,3
P34,2,part2_01.avi,12713,127.13,4
P34,2,part2_01.avi,18533,185.33,5
P34,2,part2_01.avi,24589,245.89,6
P34,2,part2_01.avi,28081,280.81,7
P34,2,part2_01.avi,30009,300.09,8
P34,2,part2_01.avi,32377,323.77,9
P34,3,part2_02.avi,2653,26.53,1
P34,3,part2_02.avi,3829,38.29,2
P34,3,part2_02.avi,8601,86.01,3
P34,3,part2_02.avi,12605,126.05,4
P34,3,part2_02.avi,13149,131.49,5
P34,3,part2_02.avi,18621,186.21,6
P34,3,part2_02.avi,20173,201.73,7
P34,3,part2_02.avi,26729,267.29,8
P34,3,part2_02.avi,28585,285.85,9
P34,3,part2_02.avi,31373,313.73,10
P34,3,part2_02.avi,38025,380.25,11
P34,3,part2_02.avi,42573,425.73,12
P34,4,part2_02.avi,4773,47.73,1
P34,4,part2_02.avi,8685,86.85,2
P34,4,part2_02.avi,18765,187.65,3
P34,4,part2_02.avi,20665,206.65,4
P34,4,part2_02.avi,31361,313.61,5
P34,4,part2_02.avi,39221,392.21,6
P35,1,part2_01.avi,1273,12.73,1
P35,1,part2_01.avi,2685,26.85,2
P35,1,part2_01.avi,3857,38.57,3
P35,1,part2_01.avi,5781,57.81,4
P35,1,part2_01.avi,6693,66.93,5
P35,1,part2_01.avi,6993,69.93,6
P35,1,part2_01.avi,9189,91.89,7
P35,1,part2_01.avi,10641,106.41,8
P35,1,part2_01.avi,12137,121.37,9
P35,1,part2_01.avi,12681,126.81,10
P35,1,part2_01.avi,15681,156.81,11
P35,1,part2_01.avi,17317,173.17,12
P35,1,part2_01.avi,18529,185.29,13
P35,1,part2_01.avi,19329,193.29,14
P35,1,part2_01.avi,20241,202.41,15
P35,1,part2_01.avi,22025,220.25,16
P35,1,part2_01.avi,23041,230.41,17
P35,1,part2_01.avi,24029,240.29,18
P35,1,part2_01.avi,24593,245.93,19
P35,1,part2_01.avi,26325,263.25,20
P35,1,part2_01.avi,28069,280.69,21
P35,1,part2_01.avi,29801,298.01,22
P35,1,part2_01.avi,31849,318.49,23
P35,1,part2_01.avi,32065,320.65,24
P35,1,part2_01.avi,32861,328.61,25
P35,1,part2_01.avi,32949,329.49,26
P35,2,part2_01.avi,1885,18.85,1
P35,2,part2_01.avi,2721,27.21,2
P35,2,part2_01.avi,3749,37.49,3
P35,2,part2_01.avi,5769,57.69,4
P35,2,part2_01.avi,6669,66.69,5
P35,2,part2_01.avi,6929,69.29,6
P35,2,part2_01.avi,8545,85.45,7
P35,2,part2_01.avi,9197,91.97,8
P35,2,part2_01.avi,10305,103.05,8
P35,2,part2_01.avi,11981,119.81,9
P35,2,part2_01.avi,12677,126.77,10
P35,2,part2_01.avi,15669,156.69,11
P35,2,part2_01.avi,18521,185.21,12
P35,2,part2_01.avi,19293,192.93,13
P35,2,part2_01.avi,20949,209.49,14
P35,2,part2_01.avi,24029,240.29,15
P35,2,part2_01.avi,24581,245.81,16
P35,2,part2_01.avi,25477,254.77,17
P35,2,part2_01.avi,26685,266.85,18
P35,2,part2_01.avi,27413,274.13,19
P35,2,part2_01.avi,28033,280.33,20
P35,2,part2_01.avi,29773,297.73,21
P35,2,part2_01.avi,31205,312.05,22
P35,2,part2_01.avi,31845,318.45,23
P35,2,part2_01.avi,32041,320.41,23
P35,3,part2_02.avi,593,5.93,1
P35,3,part2_02.avi,2077,20.77,2
P35,3,part2_02.avi,2681,26.81,3
P35,3,part2_02.avi,3741,37.41,4
P35,3,part2_02.avi,4633,46.33,5
P35,3,part2_02.avi,6717,67.17,6
P35,3,part2_02.avi,8309,83.09,7
P35,3,part2_02.avi,9301,93.01,8
P35,3,part2_02.avi,10785,107.85,9
P35,3,part2_02.avi,11769,117.69,10
P35,3,part2_02.avi,13077,130.77,11
P35,3,part2_02.avi,14797,147.97,12
P35,3,part2_02.avi,15829,158.29,13
P35,3,part2_02.avi,16913,169.13,14
P35,3,part2_02.avi,18353,183.53,15
P35,3,part2_02.avi,18577,185.77,16
P35,3,part2_02.avi,19745,197.45,17
P35,3,part2_02.avi,22293,222.93,18
P35,3,part2_02.avi,24309,243.09,19
P35,3,part2_02.avi,24745,247.45,20
P35,3,part2_02.avi,26697,266.97,21
P35,3,part2_02.avi,28773,287.73,22
P35,3,part2_02.avi,29165,291.65,23
P35,3,part2_02.avi,31293,312.93,24
P35,3,part2_02.avi,33405,334.05,25
P35,3,part2_02.avi,35281,352.81,26
P35,3,part2_02.avi,37937,379.37,27
P35,3,part2_02.avi,38801,388.01,28
P35,3,part2_02.avi,42205,422.05,29
P35,3,part2_02.avi,42573,425.73,30
P35,4,part2_02.avi,2073,20.73,1
P35,4,part2_02.avi,2605,26.05,2
P35,4,part2_02.avi,3825,38.25,3
P35,4,part2_02.avi,4701,47.01,4
P35,4,part2_02.avi,7229,72.29,5
P35,4,part2_02.avi,8301,83.01,6
P35,4,part2_02.avi,8409,84.09,6
P35,4,part2_02.avi,9305,93.05,7
P35,4,part2_02.avi,10997,109.97,8
P35,4,part2_02.avi,11773,117.73,9
P35,4,part2_02.avi,13045,130.45,10
P35,4,part2_02.avi,13833,138.33,11
P35,4,part2_02.avi,15801,158.01,12
P35,4,part2_02.avi,16981,169.81,13
P35,4,part2_02.avi,18353,183.53,14
P35,4,part2_02.avi,18597,185.97,15
P35,4,part2_02.avi,19749,197.49,16
P35,4,part2_02.avi,20669,206.69,17
P35,4,part2_02.avi,24737,247.37,18
P35,4,part2_02.avi,25185,251.85,18
P35,4,part2_02.avi,26689,266.89,19
P35,4,part2_02.avi,28341,283.41,20
P35,4,part2_02.avi,29153,291.53,21
P35,4,part2_02.avi,31265,312.65,22
P35,4,part2_02.avi,34521,345.21,23
P35,4,part2_02.avi,35289,352.89,24
P35,4,part2_02.avi,37893,378.93,25
P35,4,part2_02.avi,38889,388.89,26
P35,4,part2_02.avi,41489,414.89,27
P35,4,part2_02.avi,42193,421.93,28
P36,1,part2_01.avi,645,6.45,1
P36,1,part2_01.avi,2633,26.33,2
P36,1,part2_01.avi,4409,44.09,3
P36,1,part2_01.avi,5165,51.65,4
P36,1,part2_01.avi,6693,66.93,5
P36,1,part2_01.avi,11549,115.49,6
P36,1,part2_01.avi,12753,127.53,7
P36,1,part2_01.avi,18605,186.05,8
P36,1,part2_01.avi,22313,223.13,9
P36,1,part2_01.avi,24669,246.69,10
P36,1,part2_01.avi,27465,274.65,11
P36,1,part2_01.avi,28129,281.29,12
P36,1,part2_01.avi,29893,298.93,13
P36,1,part2_01.avi,32301,323.01,14
P36,1,part2_01.avi,32949,329.49,15
P36,2,part2_01.avi,717,7.17,1
P36,2,part2_01.avi,2685,26.85,2
P36,2,part2_01.avi,3873,38.73,3
P36,2,part2_01.avi,6665,66.65,4
P36,2,part2_01.avi,7309,73.09,5
P36,2,part2_01.avi,11397,113.97,6
P36,2,part2_01.avi,12781,127.81,7
P36,2,part2_01.avi,22185,221.85,8
P36,2,part2_01.avi,24317,243.17,9
P36,2,part2_01.avi,28125,281.25,10
P36,2,part2_01.avi,31909,319.09,11
P36,2,part2_01.avi,32817,328.17,12
P36,3,part2_02.avi,3945,39.45,1
P36,3,part2_02.avi,6901,69.01,2
P36,3,part2_02.avi,8733,87.33,3
P36,3,part2_02.avi,13945,139.45,4
P36,3,part2_02.avi,20021,200.21,5
P36,3,part2_02.avi,26729,267.29,6
P36,3,part2_02.avi,31313,313.13,7
P36,3,part2_02.avi,35397,353.97,8
P36,3,part2_02.avi,42573,425.73,9
P36,4,part2_02.avi,2877,28.77,1
P36,4,part2_02.avi,4065,40.65,2
P36,4,part2_02.avi,13193,131.93,3
P36,4,part2_02.avi,20313,203.13,4
P36,4,part2_02.avi,27037,270.37,5
P36,4,part2_02.avi,35397,353.97,6
P37,1,part2_01.avi,265,2.65,1
P37,1,part2_01.avi,717,7.17,2
P37,1,part2_01.avi,1281,12.81,3
P37,1,part2_01.avi,2853,28.53,4
P37,1,part2_01.avi,3861,38.61,5
P37,1,part2_01.avi,6945,69.45,6
P37,1,part2_01.avi,12201,122.01,7
P37,1,part2_01.avi,12681,126.81,8
P37,1,part2_01.avi,24781,247.81,9
P37,1,part2_01.avi,29809,298.09,10
P37,1,part2_01.avi,31973,319.73,11
P37,1,part2_01.avi,32949,329.49,12
P37,2,part2_01.avi,229,2.29,1
P37,2,part2_01.avi,645,6.45,2
P37,2,part2_01.avi,1557,15.57,3
P37,2,part2_01.avi,3781,37.81,4
P37,2,part2_01.avi,7013,70.13,5
P37,2,part2_01.avi,12665,126.65,6
P37,2,part2_01.avi,18681,186.81,7
P37,2,part2_01.avi,19313,193.13,7
P37,2,part2_01.avi,23777,237.77,8
P37,2,part2_01.avi,24689,246.89,9
P37,2,part2_01.avi,29857,298.57,10
P37,3,part2_02.avi,3925,39.25,1
P37,3,part2_02.avi,8617,86.17,2
P37,3,part2_02.avi,11381,113.81,3
P37,3,part2_02.avi,18713,187.13,4
P37,3,part2_02.avi,19973,199.73,5
P37,3,part2_02.avi,29181,291.81,6
P37,3,part2_02.avi,31517,315.17,7
P37,3,part2_02.avi,42513,425.13,8
P37,3,part2_02.avi,42573,425.73,9
P37,4,part2_02.avi,2817,28.17,1
P37,4,part2_02.avi,3917,39.17,2
P37,4,part2_02.avi,8953,89.53,3
P37,4,part2_02.avi,20089,200.89,4
P37,4,part2_02.avi,31353,313.53,5
P37,4,part2_02.avi,42465,424.65,6
P38,1,part2_01.avi,325,3.25,1
P38,1,part2_01.avi,661,6.61,2
P38,1,part2_01.avi,981,9.81,3
P38,1,part2_01.avi,2109,21.09,4
P38,1,part2_01.avi,2941,29.41,5
P38,1,part2_01.avi,3901,39.01,6
P38,1,part2_01.avi,5869,58.69,7
P38,1,part2_01.avi,6729,67.29,8
P38,1,part2_01.avi,7593,75.93,9
P38,1,part2_01.avi,10653,106.53,10
P38,1,part2_01.avi,11437,114.37,11
P38,1,part2_01.avi,11889,118.89,12
P38,1,part2_01.avi,12029,120.29,13
P38,1,part2_01.avi,12841,128.41,14
P38,1,part2_01.avi,14245,142.45,15
P38,1,part2_01.avi,16189,161.89,16
P38,1,part2_01.avi,18353,183.53,17
P38,1,part2_01.avi,18573,185.73,18
P38,1,part2_01.avi,19377,193.77,19
P38,1,part2_01.avi,21985,219.85,20
P38,1,part2_01.avi,22833,228.33,21
P38,1,part2_01.avi,24053,240.53,22
P38,1,part2_01.avi,24905,249.05,23
P38,1,part2_01.avi,26821,268.21,24
P38,1,part2_01.avi,27489,274.89,25
P38,1,part2_01.avi,28493,284.93,26
P38,1,part2_01.avi,29893,298.93,27
P38,1,part2_01.avi,31313,313.13,28
P38,1,part2_01.avi,32949,329.49,29
P38,2,part2_01.avi,625,6.25,1
P38,2,part2_01.avi,2741,27.41,2
P38,2,part2_01.avi,3929,39.29,3
P38,2,part2_01.avi,6777,67.77,4
P38,2,part2_01.avi,9201,92.01,5
P38,2,part2_01.avi,10701,107.01,6
P38,2,part2_01.avi,11461,114.61,7
P38,2,part2_01.avi,12789,127.89,8
P38,2,part2_01.avi,15761,157.61,9
P38,2,part2_01.avi,18513,185.13,10
P38,2,part2_01.avi,22153,221.53,11
P38,2,part2_01.avi,22861,228.61,12
P38,2,part2_01.avi,24805,248.05,13
P38,2,part2_01.avi,26809,268.09,14
P38,2,part2_01.avi,29897,298.97,15
P38,3,part2_02.avi,2613,26.13,1
P38,3,part2_02.avi,3817,38.17,2
P38,3,part2_02.avi,4845,48.45,3
P38,3,part2_02.avi,6221,62.21,4
P38,3,part2_02.avi,6801,68.01,5
P38,3,part2_02.avi,8653,86.53,6
P38,3,part2_02.avi,9497,94.97,7
P38,3,part2_02.avi,11625,116.25,8
P38,3,part2_02.avi,13229,132.29,9
P38,3,part2_02.avi,15145,151.45,10
P38,3,part2_02.avi,19805,198.05,11
P38,3,part2_02.avi,22253,222.53,12
P38,3,part2_02.avi,23501,235.01,13
P38,3,part2_02.avi,25369,253.69,14
P38,3,part2_02.avi,26825,268.25,15
P38,3,part2_02.avi,30301,303.01,16
P38,3,part2_02.avi,31553,315.53,17
P38,3,part2_02.avi,36825,368.25,18
P38,3,part2_02.avi,42225,422.25,19
P38,3,part2_02.avi,42573,425.73,20
P38,4,part2_02.avi,2637,26.37,1
P38,4,part2_02.avi,4017,40.17,2
P38,4,part2_02.avi,6849,68.49,3
P38,4,part2_02.avi,8657,86.57,4
P38,4,part2_02.avi,12085,120.85,5
P38,4,part2_02.avi,16033,160.33,6
P38,4,part2_02.avi,20685,206.85,7
P38,4,part2_02.avi,29413,294.13,8
P38,4,part2_02.avi,35321,353.21,9
P38,4,part2_02.avi,42329,423.29,10
P39,1,part2_01.avi,3829,38.29,1
P39,1,part2_01.avi,8889,88.89,2
P39,1,part2_01.avi,12729,127.29,3
P39,1,part2_01.avi,22893,228.93,4
P39,1,part2_01.avi,25797,257.97,5
P39,1,part2_01.avi,30301,303.01,6
P39,1,part2_01.avi,32657,326.57,7
P39,1,part2_01.avi,32949,329.49,8
P39,2,part2_01.avi,4369,43.69,1
P39,2,part2_01.avi,8981,89.81,2
P39,2,part2_01.avi,12697,126.97,3
P39,2,part2_01.avi,23001,230.01,4
P39,2,part2_01.avi,29981,299.81,5
P39,2,part2_01.avi,32669,326.69,6
P39,3,part2_02.avi,4545,45.45,1
P39,3,part2_02.avi,8793,87.93,2
P39,3,part2_02.avi,11697,116.97,3
P39,3,part2_02.avi,19837,198.37,4
P39,3,part2_02.avi,26321,263.21,5
P39,3,part2_02.avi,31421,314.21,6
P39,3,part2_02.avi,41705,417.05,7
P39,3,part2_02.avi,42573,425.73,8
P39,4,part2_02.avi,2877,28.77,1
P39,4,part2_02.avi,8645,86.45,2
P39,4,part2_02.avi,20205,202.05,3
P39,4,part2_02.avi,31397,313.97,4
P40,1,part2_01.avi,353,3.53,1
P40,1,part2_01.avi,1185,11.85,2
P40,1,part2_01.avi,1349,13.49,3
P40,1,part2_01.avi,13505,135.05,4
P40,1,part2_01.avi,28405,284.05,5
P40,1,part2_01.avi,32949,329.49,6
P40,2,part2_01.avi,485,4.85,1
P40,2,part2_01.avi,1273,12.73,2
P40,2,part2_01.avi,2629,26.29,3
P40,2,part2_01.avi,4197,41.97,4
P40,2,part2_01.avi,13893,138.93,5
P40,2,part2_01.avi,25513,255.13,6
P40,2,part2_01.avi,31097,310.97,6
P40,3,part2_02.avi,3697,36.97,1
P40,3,part2_02.avi,9249,92.49,2
P40,3,part2_02.avi,11005,110.05,3
P40,3,part2_02.avi,13773,137.73,4
P40,3,part2_02.avi,15741,157.41,5
P40,3,part2_02.avi,20029,200.29,6
P40,3,part2_02.avi,31593,315.93,7
P40,3,part2_02.avi,42573,425.73,8
P40,4,part2_02.avi,4973,49.73,1
P40,4,part2_02.avi,6781,67.81,2
P40,4,part2_02.avi,27969,279.69,3
P40,4,part2_02.avi,32909,329.09,4
P40,4,part2_02.avi,42349,423.49,5
P41,1,part2_01.avi,261,2.61,1
P41,1,part2_01.avi,653,6.53,2
P41,1,part2_01.avi,853,8.53,3
P41,1,part2_01.avi,1273,12.73,4
P41,1,part2_01.avi,1477,14.77,5
P41,1,part2_01.avi,1917,19.17,6
P41,1,part2_01.avi,2773,27.73,7
P41,1,part2_01.avi,3861,38.61,8
P41,1,part2_01.avi,4113,41.13,9
P41,1,part2_01.avi,4281,42.81,10
P41,1,part2_01.avi,4637,46.37,11
P41,1,part2_01.avi,5037,50.37,12
P41,1,part2_01.avi,5485,54.85,13
P41,1,part2_01.avi,5825,58.25,14
P41,1,part2_01.avi,6381,63.81,15
P41,1,part2_01.avi,6745,67.45,16
P41,1,part2_01.avi,7085,70.85,17
P41,1,part2_01.avi,7641,76.41,18
P41,1,part2_01.avi,7965,79.65,19
P41,1,part2_01.avi,9173,91.73,20
P41,1,part2_01.avi,10369,103.69,21
P41,1,part2_01.avi,10641,106.41,22
P41,1,part2_01.avi,11289,112.89,23
P41,1,part2_01.avi,11985,119.85,24
P41,1,part2_01.avi,12781,127.81,25
P41,1,part2_01.avi,13117,131.17,26
P41,1,part2_01.avi,13537,135.37,27
P41,1,part2_01.avi,14277,142.77,28
P41,1,part2_01.avi,14961,149.61,29
P41,1,part2_01.avi,16037,160.37,30
P41,1,part2_01.avi,17337,173.37,31
P41,1,part2_01.avi,17901,179.01,32
P41,1,part2_01.avi,18521,185.21,33
P41,1,part2_01.avi,19301,193.01,34
P41,1,part2_01.avi,20097,200.97,35
P41,1,part2_01.avi,21013,210.13,36
P41,1,part2_01.avi,22133,221.33,37
P41,1,part2_01.avi,23637,236.37,38
P41,1,part2_01.avi,24113,241.13,39
P41,1,part2_01.avi,24589,245.89,40
P41,1,part2_01.avi,25493,254.93,41
P41,1,part2_01.avi,26361,263.61,42
P41,1,part2_01.avi,26809,268.09,43
P41,1,part2_01.avi,27401,274.01,44
P41,1,part2_01.avi,28125,281.25,45
P41,1,part2_01.avi,28909,289.09,46
P41,1,part2_01.avi,29849,298.49,47
P41,1,part2_01.avi,30357,303.57,48
P41,1,part2_01.avi,32949,329.49,49
P41,2,part2_01.avi,241,2.41,1
P41,2,part2_01.avi,685,6.85,2
P41,2,part2_01.avi,1273,12.73,3
P41,2,part2_01.avi,1977,19.77,4
P41,2,part2_01.avi,2085,20.85,5
P41,2,part2_01.avi,2829,28.29,5
P41,2,part2_01.avi,3861,38.61,6
P41,2,part2_01.avi,4281,42.81,7
P41,2,part2_01.avi,5037,50.37,8
P41,2,part2_01.avi,5777,57.77,9
P41,2,part2_01.avi,6969,69.69,10
P41,2,part2_01.avi,7545,75.45,11
P41,2,part2_01.avi,8557,85.57,12
P41,2,part2_01.avi,9229,92.29,13
P41,2,part2_01.avi,10625,106.25,14
P41,2,part2_01.avi,11093,110.93,15
P41,2,part2_01.avi,11321,113.21,16
P41,2,part2_01.avi,11993,119.93,17
P41,2,part2_01.avi,12209,122.09,17
P41,2,part2_01.avi,12737,127.37,18
P41,2,part2_01.avi,13121,131.21,19
P41,2,part2_01.avi,14233,142.33,20
P41,2,part2_01.avi,14957,149.57,21
P41,2,part2_01.avi,17317,173.17,22
P41,2,part2_01.avi,18533,185.33,23
P41,2,part2_01.avi,18949,189.49,24
P41,2,part2_01.avi,19325,193.25,25
P41,2,part2_01.avi,20121,201.21,26
P41,2,part2_01.avi,22225,222.25,27
P41,2,part2_01.avi,24077,240.77,28
P41,2,part2_01.avi,24593,245.93,29
P41,2,part2_01.avi,25469,254.69,30
P41,2,part2_01.avi,26725,267.25,31
P41,2,part2_01.avi,28085,280.85,32
P41,2,part2_01.avi,28465,284.65,33
P41,2,part2_01.avi,29821,298.21,34
P41,3,part2_02.avi,333,3.33,1
P41,3,part2_02.avi,569,5.69,2
P41,3,part2_02.avi,801,8.01,3
P41,3,part2_02.avi,2685,26.85,4
P41,3,part2_02.avi,3153,31.53,5
P41,3,part2_02.avi,3749,37.49,6
P41,3,part2_02.avi,4693,46.93,7
P41,3,part2_02.avi,5361,53.61,8
P41,3,part2_02.avi,6005,60.05,9
P41,3,part2_02.avi,6485,64.85,10
P41,3,part2_02.avi,7289,72.89,11
P41,3,part2_02.avi,8613,86.13,12
P41,3,part2_02.avi,9341,93.41,13
P41,3,part2_02.avi,11833,118.33,14
P41,3,part2_02.avi,12521,125.21,15
P41,3,part2_02.avi,13805,138.05,16
P41,3,part2_02.avi,15033,150.33,17
P41,3,part2_02.avi,18633,186.33,18
P41,3,part2_02.avi,20901,209.01,19
P41,3,part2_02.avi,21533,215.33,20
P41,3,part2_02.avi,21921,219.21,21
P41,3,part2_02.avi,22257,222.57,22
P41,3,part2_02.avi,23017,230.17,23
P41,3,part2_02.avi,23557,235.57,24
P41,3,part2_02.avi,26805,268.05,25
P41,3,part2_02.avi,28349,283.49,26
P41,3,part2_02.avi,29213,292.13,27
P41,3,part2_02.avi,31521,315.21,28
P41,3,part2_02.avi,31721,317.21,29
P41,3,part2_02.avi,31877,318.77,30
P41,3,part2_02.avi,32041,320.41,31
P41,3,part2_02.avi,32485,324.85,32
P41,3,part2_02.avi,32641,326.41,33
P41,3,part2_02.avi,32869,328.69,34
P41,3,part2_02.avi,32981,329.81,35
P41,3,part2_02.avi,33421,334.21,36
P41,3,part2_02.avi,33597,335.97,37
P41,3,part2_02.avi,33793,337.93,38
P41,3,part2_02.avi,33949,339.49,39
P41,3,part2_02.avi,35301,353.01,40
P41,3,part2_02.avi,35973,359.73,41
P41,3,part2_02.avi,36689,366.89,42
P41,3,part2_02.avi,38393,383.93,43
P41,3,part2_02.avi,38953,389.53,44
P41,3,part2_02.avi,42293,422.93,45
P41,3,part2_02.avi,42573,425.73,46
P41,4,part2_02.avi,597,5.97,1
P41,4,part2_02.avi,1017,10.17,2
P41,4,part2_02.avi,2665,26.65,3
P41,4,part2_02.avi,3173,31.73,4
P41,4,part2_02.avi,3769,37.69,5
P41,4,part2_02.avi,4697,46.97,6
P41,4,part2_02.avi,5289,52.89,7
P41,4,part2_02.avi,6485,64.85,8
P41,4,part2_02.avi,7249,72.49,9
P41,4,part2_02.avi,8133,81.33,10
P41,4,part2_02.avi,8621,86.21,11
P41,4,part2_02.avi,9333,93.33,12
P41,4,part2_02.avi,10345,103.45,13
P41,4,part2_02.avi,10777,107.77,13
P41,4,part2_02.avi,11073,110.73,14
P41,4,part2_02.avi,11497,114.97,15
P41,4,part2_02.avi,11905,119.05,16
P41,4,part2_02.avi,12501,125.01,17
P41,4,part2_02.avi,13785,137.85,18
P41,4,part2_02.avi,14585,145.85,19
P41,4,part2_02.avi,15057,150.57,19
P41,4,part2_02.avi,15869,158.69,20
P41,4,part2_02.avi,18589,185.89,21
P41,4,part2_02.avi,20685,206.85,22
P41,4,part2_02.avi,21417,214.17,23
P41,4,part2_02.avi,22221,222.21,24
P41,4,part2_02.avi,23005,230.05,25
P41,4,part2_02.avi,23529,235.29,26
P41,4,part2_02.avi,26729,267.29,27
P41,4,part2_02.avi,28377,283.77,28
P41,4,part2_02.avi,29317,293.17,29
P41,4,part2_02.avi,31569,315.69,30
P41,4,part2_02.avi,31753,317.53,31
P41,4,part2_02.avi,31873,318.73,32
P41,4,part2_02.avi,32041,320.41,33
P41,4,part2_02.avi,32481,324.81,34
P41,4,part2_02.avi,32637,326.37,35
P41,4,part2_02.avi,33001,330.01,36
P41,4,part2_02.avi,33429,334.29,37
P41,4,part2_02.avi,33805,338.05,38
P41,4,part2_02.avi,34105,341.05,39
P41,4,part2_02.avi,35301,353.01,39
P41,4,part2_02.avi,35973,359.73,40
P41,4,part2_02.avi,36201,362.01,41
P41,4,part2_02.avi,36897,368.97,42
P41,4,part2_02.avi,37941,379.41,42
P41,4,part2_02.avi,38969,389.69,43
P42,1,part2_01.avi,1821,18.21,1
P42,1,part2_01.avi,3793,37.93,2
P42,1,part2_01.avi,6913,69.13,3
P42,1,part2_01.avi,8761,87.61,4
P42,1,part2_01.avi,10557,105.57,5
P42,1,part2_01.avi,12677,126.77,6
P42,1,part2_01.avi,14233,142.33,7
P42,1,part2_01.avi,17641,176.41,8
P42,1,part2_01.avi,19393,193.93,9
P42,1,part2_01.avi,22301,223.01,10
P42,1,part2_01.avi,23677,236.77,11
P42,1,part2_01.avi,24621,246.21,12
P42,1,part2_01.avi,28085,280.85,13
P42,1,part2_01.avi,29893,298.93,14
P42,1,part2_01.avi,32949,329.49,15
P42,2,part2_01.avi,1681,16.81,1
P42,2,part2_01.avi,2561,25.61,2
P42,2,part2_01.avi,3829,38.29,3
P42,2,part2_01.avi,6001,60.01,4
P42,2,part2_01.avi,6977,69.77,5
P42,2,part2_01.avi,10701,107.01,6
P42,2,part2_01.avi,12705,127.05,7
P42,2,part2_01.avi,16217,162.17,8
P42,2,part2_01.avi,17833,178.33,9
P42,2,part2_01.avi,20213,202.13,10
P42,2,part2_01.avi,21369,213.69,11
P42,2,part2_01.avi,22781,227.81,12
P42,2,part2_01.avi,24577,245.77,13
P42,2,part2_01.avi,28129,281.29,14
P42,2,part2_01.avi,29881,298.81,15
P42,2,part2_01.avi,32469,324.69,16
P42,3,part2_02.avi,2625,26.25,1
P42,3,part2_02.avi,3717,37.17,2
P42,3,part2_02.avi,6793,67.93,3
P42,3,part2_02.avi,8609,86.09,4
P42,3,part2_02.avi,11017,110.17,5
P42,3,part2_02.avi,12581,125.81,6
P42,3,part2_02.avi,13829,138.29,7
P42,3,part2_02.avi,19669,196.69,8
P42,3,part2_02.avi,23293,232.93,9
P42,3,part2_02.avi,26617,266.17,10
P42,3,part2_02.avi,28481,284.81,11
P42,3,part2_02.avi,31317,313.17,12
P42,3,part2_02.avi,35293,352.93,13
P42,3,part2_02.avi,38869,388.69,14
P42,3,part2_02.avi,42573,425.73,15
P42,4,part2_02.avi,2677,26.77,1
P42,4,part2_02.avi,3945,39.45,2
P42,4,part2_02.avi,8605,86.05,3
P42,4,part2_02.avi,11269,112.69,4
P42,4,part2_02.avi,17421,174.21,5
P42,4,part2_02.avi,19641,196.41,6
P42,4,part2_02.avi,23593,235.93,7
P42,4,part2_02.avi,25293,252.93,8
P42,4,part2_02.avi,28477,284.77,9
P42,4,part2_02.avi,31513,315.13,10
P42,4,part2_02.avi,35353,353.53,11
P42,4,part2_02.avi,38897,388.97,12
P42,4,part2_02.avi,42225,422.25,13
P43,1,part2_01.avi,265,2.65,1
P43,1,part2_01.avi,621,6.21,2
P43,1,part2_01.avi,1261,12.61,3
P43,1,part2_01.avi,1889,18.89,4
P43,1,part2_01.avi,2713,27.13,5
P43,1,part2_01.avi,3837,38.37,6
P43,1,part2_01.avi,4177,41.77,7
P43,1,part2_01.avi,4321,43.21,8
P43,1,part2_01.avi,5053,50.53,9
P43,1,part2_01.avi,5785,57.85,10
P43,1,part2_01.avi,6673,66.73,11
P43,1,part2_01.avi,6989,69.89,12
P43,1,part2_01.avi,7541,75.41,13
P43,1,part2_01.avi,8301,83.01,14
P43,1,part2_01.avi,9181,91.81,15
P43,1,part2_01.avi,9849,98.49,16
P43,1,part2_01.avi,10309,103.09,17
P43,1,part2_01.avi,10681,106.81,18
P43,1,part2_01.avi,11285,112.85,19
P43,1,part2_01.avi,11781,117.81,20
P43,1,part2_01.avi,11941,119.41,21
P43,1,part2_01.avi,12293,122.93,22
P43,1,part2_01.avi,12653,126.53,23
P43,1,part2_01.avi,13529,135.29,24
P43,1,part2_01.avi,14265,142.65,25
P43,1,part2_01.avi,15005,150.05,26
P43,1,part2_01.avi,15717,157.17,27
P43,1,part2_01.avi,16477,164.77,28
P43,1,part2_01.avi,17885,178.85,29
P43,1,part2_01.avi,18557,185.57,30
P43,1,part2_01.avi,19273,192.73,31
P43,1,part2_01.avi,20237,202.37,32
P43,1,part2_01.avi,20953,209.53,33
P43,1,part2_01.avi,22017,220.17,34
P43,1,part2_01.avi,24053,240.53,35
P43,1,part2_01.avi,24565,245.65,36
P43,1,part2_01.avi,25509,255.09,37
P43,1,part2_01.avi,26353,263.53,38
P43,1,part2_01.avi,26721,267.21,39
P43,1,part2_01.avi,27149,271.49,40
P43,1,part2_01.avi,27865,278.65,41
P43,1,part2_01.avi,28273,282.73,42
P43,1,part2_01.avi,29825,298.25,43
P43,1,part2_01.avi,30325,303.25,44
P43,1,part2_01.avi,31861,318.61,45
P43,1,part2_01.avi,32365,323.65,46
P43,1,part2_01.avi,32949,329.49,47
P43,2,part2_01.avi,605,6.05,1
P43,2,part2_01.avi,1261,12.61,2
P43,2,part2_01.avi,1917,19.17,3
P43,2,part2_01.avi,3845,38.45,4
P43,2,part2_01.avi,4329,43.29,5
P43,2,part2_01.avi,5789,57.89,6
P43,2,part2_01.avi,6941,69.41,7
P43,2,part2_01.avi,10793,107.93,8
P43,2,part2_01.avi,12701,127.01,9
P43,2,part2_01.avi,16313,163.13,10
P43,2,part2_01.avi,18541,185.41,11
P43,2,part2_01.avi,19409,194.09,12
P43,2,part2_01.avi,24049,240.49,13
P43,2,part2_01.avi,24589,245.89,14
P43,2,part2_01.avi,28069,280.69,15
P43,2,part2_01.avi,30161,301.61,16
P43,2,part2_01.avi,32465,324.65,17
P43,3,part2_02.avi,2641,26.41,1
P43,3,part2_02.avi,3689,36.89,2
P43,3,part2_02.avi,6453,64.53,3
P43,3,part2_02.avi,7429,74.29,4
P43,3,part2_02.avi,8605,86.05,5
P43,3,part2_02.avi,9309,93.09,6
P43,3,part2_02.avi,11017,110.17,7
P43,3,part2_02.avi,11769,117.69,8
P43,3,part2_02.avi,12509,125.09,9
P43,3,part2_02.avi,13073,130.73,10
P43,3,part2_02.avi,13813,138.13,11
P43,3,part2_02.avi,18589,185.89,12
P43,3,part2_02.avi,20125,201.25,13
P43,3,part2_02.avi,20737,207.37,14
P43,3,part2_02.avi,21461,214.61,15
P43,3,part2_02.avi,23029,230.29,16
P43,3,part2_02.avi,24269,242.69,17
P43,3,part2_02.avi,25097,250.97,18
P43,3,part2_02.avi,26773,267.73,19
P43,3,part2_02.avi,28397,283.97,20
P43,3,part2_02.avi,29197,291.97,21
P43,3,part2_02.avi,31381,313.81,22
P43,3,part2_02.avi,32465,324.65,23
P43,3,part2_02.avi,35313,353.13,24
P43,3,part2_02.avi,35993,359.93,25
P43,3,part2_02.avi,38797,387.97,26
P43,3,part2_02.avi,42573,425.73,27
P43,4,part2_02.avi,2653,26.53,1
P43,4,part2_02.avi,3833,38.33,2
P43,4,part2_02.avi,6773,67.73,3
P43,4,part2_02.avi,8673,86.73,4
P43,4,part2_02.avi,11149,111.49,5
P43,4,part2_02.avi,11885,118.85,6
P43,4,part2_02.avi,15877,158.77,7
P43,4,part2_02.avi,18577,185.77,8
P43,4,part2_02.avi,20645,206.45,9
P43,4,part2_02.avi,23529,235.29,10
P43,4,part2_02.avi,31417,314.17,11
P43,4,part2_02.avi,35309,353.09,12
